:020000040800F2
:10000000000002202557000875570008291800082D
:100010007557000875570008755700080000000064
:10002000000000000000000000000000C5510008B2
:100030007557000800000000ED52000851530008F9
:100040007557000875570008755700087557000860
:100050000000000075570008755700087557000824
:100060007557000875570008755700087557000840
:100070007557000875570008755700087557000830
:100080007557000875570008755700087557000820
:100090007557000875570008755700087557000810
:1000A0007557000875570008755700087557000800
:1000B00075570008755700087557000875570008F0
:1000C00075570008755700087557000875570008E0
:1000D000755700085D22000875570008755700081D
:1000E00075570008755700087557000875570008C0
:1000F00075570008755700087557000875570008B0
:10010000755700087557000875570008755700089F
:10011000755700087557000875570008755700088F
:10012000755700087557000875570008755700087F
:10013000755700087557000875570008755700086F
:10014000755700087557000875570008755700085F
:10015000755700087557000875570008755700084F
:10016000755700087557000875570008755700083F
:10017000755700087557000875570008755700082F
:080180007557000875570008CF
:1001900010B5054C237833B9044B13B10448AFF3C1
:1001A00000800123237010BDD80A00200000000049
:1001B00040A0000808B5034B1BB103490348AFF347
:1001C000008008BD00000000DC0A002040A00008FC
:1001D00081F0004102E000BF83F0004330B54FEAF8
:1001E00041044FEA430594EA050F08BF90EA020F65
:1001F0001FBF54EA000C55EA020C7FEA645C7FEAF8
:10020000655C00F0E2804FEA5454D4EB5555B8BF1A
:100210006D420CDD2C4480EA020281EA030382EA8B
:10022000000083EA010180EA020281EA0303362D1D
:1002300088BF30BD11F0004F4FEA01314FF4801CF0
:100240004CEA113102D0404261EB410113F0004F02
:100250004FEA03334CEA133302D0524263EB4303B9
:1002600094EA050F00F0A780A4F10104D5F1200E57
:100270000DDB02FA0EFC22FA05F2801841F10001B2
:1002800003FA0EF2801843FA05F359410EE0A5F186
:1002900020050EF1200E012A03FA0EFC28BF4CF0B7
:1002A000020C43FA05F3C01851EBE37101F000456D
:1002B00007D54FF0000EDCF1000C7EEB00006EEB7A
:1002C0000101B1F5801F1BD3B1F5001F0CD3490804
:1002D0005FEA30004FEA3C0C04F101044FEA44525B
:1002E00012F5800F80F09A80BCF1004F08BF5FEAE2
:1002F000500C50F1000041EB045141EA050130BDC2
:100300005FEA4C0C404141EB0101013C28BFB1F5D3
:10031000801FE9D291F0000F04BF01460020B1FA1E
:1003200081F308BF2033A3F10B03B3F120020CDAF1
:100330000C3208DD02F1140CC2F10C0201FA0CF0CF
:1003400021FA02F10CE002F11402D8BFC2F1200C34
:1003500001FA02F120FA0CFCDCBF41EA0C019040EA
:10036000E41AA2BF01EB0451294330BD6FEA040433
:100370001F3C1CDA0C340EDC04F11404C4F120021E
:1003800020FA04F001FA02F340EA030021FA04F330
:1003900045EA030130BDC4F10C04C4F1200220FA87
:1003A00002F001FA04F340EA0300294630BD21FAC5
:1003B00004F0294630BD94F0000F83F4801306BF8B
:1003C00081F480110134013D4EE77FEA645C18BF7F
:1003D0007FEA655C29D094EA050F08BF90EA020F16
:1003E00005D054EA000C04BF1946104630BD91EA0E
:1003F000030F1EBF0021002030BD5FEA545C05D111
:100400004000494128BF41F0004130BD14F580044F
:100410003CBF01F5801130BD01F0004545F0FE41C3
:1004200041F470014FF0000030BD7FEA645C1ABFF8
:10043000194610467FEA655C1CBF0B46024650EA2F
:10044000013406BF52EA033591EA030F41F400215B
:1004500030BD00BF90F0000F04BF0021704730B5E1
:100460004FF4806404F132044FF000054FF00001B6
:1004700050E700BF90F0000F04BF0021704730B577
:100480004FF4806404F1320410F0004548BF40424C
:100490004FF000013EE700BF42004FEAE2014FEAA1
:1004A00031014FEA02701FBF12F07F4393F07F4F7C
:1004B00081F06051704732F07F4208BF704793F07F
:1004C0007F4F04BF41F40021704730B54FF4607492
:1004D00001F0004521F000411CE700BF50EA010295
:1004E00008BF704730B54FF000050AE050EA01023E
:1004F00008BF704730B511F0004502D5404261EBAE
:1005000041014FF4806404F132045FEA915C3FF4EE
:10051000D8AE4FF003025FEADC0C18BF03325FEA8B
:10052000DC0C18BF033202EBDC02C2F1200300FA3C
:1005300003FC20FA02F001FA03FE40EA0E0021FA61
:1005400002F11444BDE600BF70B54FF0FF0C4CF44F
:10055000E06C1CEA11541DBF1CEA135594EA0C0F01
:1005600095EA0C0F00F0DEF82C4481EA030621EA3C
:100570004C5123EA4C5350EA013518BF52EA033577
:1005800041F4801143F4801338D0A0FB02CE4FF029
:100590000005E1FB02E506F00042E0FB03E54FF059
:1005A0000006E1FB03569CF0000F18BF4EF0010E51
:1005B000A4F1FF04B6F5007F64F5407404D25FEA4D
:1005C0004E0E6D4146EB060642EAC62141EA555100
:1005D0004FEAC52040EA5E504FEACE2EB4F1FD0C42
:1005E00088BFBCF5E06F1ED8BEF1004F08BF5FEAC0
:1005F000500E50F1000041EB045170BD06F0004672
:1006000046EA010140EA020081EA0301B4EB5C041E
:10061000C2BFD4EB0C0541EA045170BD41F4801116
:100620004FF0000E013C00F3AB8014F1360FDEBF3B
:10063000002001F0004170BDC4F10004203C35DA17
:100640000C341BDC04F11404C4F1200500FA05F39A
:1006500020FA04F001FA05F240EA020001F000423B
:1006600021F0004110EBD37021FA04F642EB0601B1
:100670005EEA430E08BF20EAD37070BDC4F10C04DB
:10068000C4F1200500FA04F320FA05F001FA04F29F
:1006900040EA020001F0004110EBD37041F100018B
:1006A0005EEA430E08BF20EAD37070BDC4F1200596
:1006B00000FA05F24EEA020E20FA04F301FA05F2FE
:1006C00043EA020321FA04F001F0004121FA04F2A6
:1006D00020EA020000EBD3705EEA430E08BF20EA76
:1006E000D37070BD94F0000F0FD101F000464000B0
:1006F00041EB010111F4801F08BF013CF7D041EA32
:10070000060195F0000F18BF704703F00046520035
:1007100043EB030313F4801F08BF013DF7D043EA06
:100720000603704794EA0C0F0CEA135518BF95EABC
:100730000C0F0CD050EA410618BF52EA4306D1D143
:1007400081EA030101F000414FF0000070BD50EA62
:10075000410606BF1046194652EA430619D094EAEC
:100760000C0F02D150EA013613D195EA0C0F05D1D6
:1007700052EA03361CBF104619460AD181EA03012A
:1007800001F0004141F0FE4141F470014FF00000E2
:1007900070BD41F0FE4141F4780170BD70B54FF07D
:1007A000FF0C4CF4E06C1CEA11541DBF1CEA1355FD
:1007B00094EA0C0F95EA0C0F00F0A7F8A4EB0504DF
:1007C00081EA030E52EA03354FEA013100F08880D6
:1007D0004FEA03334FF0805545EA131343EA12639F
:1007E0004FEA022245EA111545EA10654FEA002654
:1007F0000EF000419D4208BF964244F1FD0404F50D
:10080000407402D25B084FEA3202B61A65EB030568
:100810005B084FEA32024FF480104FF4002CB6EB25
:10082000020E75EB030E22BFB61A754640EA0C00A5
:100830005B084FEA3202B6EB020E75EB030E22BFE5
:10084000B61A754640EA5C005B084FEA3202B6EB26
:10085000020E75EB030E22BFB61A754640EA9C00E5
:100860005B084FEA3202B6EB020E75EB030E22BFB5
:10087000B61A754640EADC0055EA060E18D04FEA73
:10088000051545EA16754FEA06164FEAC30343EA13
:1008900052734FEAC2025FEA1C1CC0D111F4801FE0
:1008A0000BD141EA00014FF000004FF0004CB6E7D9
:1008B00011F4801F04BF01430020B4F1FD0C88BF78
:1008C000BCF5E06F3FF6AFAEB5EB030C04BFB6EB83
:1008D000020C5FEA500C50F1000041EB045170BD76
:1008E0000EF0004E4EEA113114EB5C04C2BFD4EBA3
:1008F0000C0541EA045170BD41F480114FF0000E27
:10090000013C90E645EA060E8DE60CEA135594EAA2
:100910000C0F08BF95EA0C0F3FF43BAF94EA0C0FA5
:100920000AD150EA01347FF434AF95EA0C0F7FF41A
:1009300025AF104619462CE795EA0C0F06D152EA6E
:1009400003353FF4FDAE1046194622E750EA410652
:1009500018BF52EA43067FF4C5AE50EA41047FF463
:100960000DAF52EA43057FF4EBAE12E74FEA4102C6
:10097000B2F1E04324BFB3F5001CDCF1FE5C0DD9FD
:1009800001F0004C4FEAC0024CEA5070B2F1004F47
:1009900040EB830008BF20F00100704711F0804F4A
:1009A00021D113F13872BCBF01F00040704741F40F
:1009B00080114FEA5252C2F11802C2F1200C10FA13
:1009C0000CF320FA02F018BF40F001004FEAC123F7
:1009D0004FEAD32303FA0CFC40EA0C0023FA02F39B
:1009E0004FEA4303CCE77FEA625307D150EA013371
:1009F0001EBF4FF0FE4040F44000704701F0004041
:100A000040F0FE4040F40000704700BF034613F87A
:100A1000012B002AFBD1181A013870470000000092
:100A200001F0FF01102A2BDB10F0070F08D010F89F
:100A3000013B013A8B422DD010F0070F42B3F6D1A3
:100A4000F0B441EA012141EA014122F007047FF0BC
:100A500000070023F0E80256083C85EA010586EA13
:100A6000010685FA47F5A3FA87F586FA47F6A5FA4F
:100A700087F68EB9EED1F0BC01F0FF0102F007025B
:100A800032B110F8013B013A83EA010313B1F8D106
:100A90000020704701387047002D06BF35460338E7
:100AA000073815F0010F07D1013015F4807F02BF20
:100AB000013015F4C03F0130F0BC0138704700BF71
:100AC0004FF0FF3C06E000BF4FF0010C02E000BF1A
:100AD0004FF0010C4DF804CD4FEA410C7FEA6C5CFD
:100AE0004FEA430C18BF7FEA6C5C1BD001B050EAA0
:100AF000410C0CBF52EA430C91EA030F02BF90EA8B
:100B0000020F0020704710F1000F91EA030F58BF49
:100B1000994208BF90422CBFD8176FEAE37040F0AB
:100B2000010070474FEA410C7FEA6C5C02D150EA49
:100B3000013C07D14FEA430C7FEA6C5CD6D152EA04
:100B4000033CD3D05DF8040B704700BF84461046C9
:100B500062468C461946634600E000BF01B5FFF7C8
:100B6000B7FF002848BF10F1000F01BD4DF808ED98
:100B7000FFF7F4FF0CBF012000205DF808FB00BF69
:100B80004DF808EDFFF7EAFF34BF012000205DF8C3
:100B900008FB00BF4DF808EDFFF7E0FF94BF012010
:100BA00000205DF808FB00BF4DF808EDFFF7CEFF11
:100BB00094BF012000205DF808FB00BF4DF808ED50
:100BC000FFF7C4FF34BF012000205DF808FB00BF21
:100BD0004FEA410C7FEA6C5C02D150EA013C0AD139
:100BE0004FEA430C7FEA6C5C02D152EA033C02D12B
:100BF0004FF0000070474FF0010070474FEA41028C
:100C000012F5001215D211D56FF47873B3EB62525E
:100C100012D94FEAC12343F0004343EA505311F085
:100C2000004F23FA02F018BF404270474FF0000017
:100C3000704750EA013005D111F0004008BF6FF055
:100C4000004070474FF00000704700BF53B94AB9E9
:100C5000002908BF00281CBF4FF0FF314FF0FF30C4
:100C600000F088B9ADF1080C6DE904CE00F006F88B
:100C7000DDF804E0DDE9022304B070472DE9F04718
:100C8000089D8E4604468846002B4AD18A42174664
:100C900062D9B2FA82F64EB1C6F1200301FA06F823
:100CA00020FA03F3B74043EA0808B4404FEA174E6E
:100CB0001FFA87FCB8FBFEF1230C0EFB118843EAF8
:100CC000084301FB0CF29A4209D9FB1801F1FF30ED
:100CD00080F0EA809A4240F2E78002393B449A1A57
:100CE000A3B2B2FBFEF00EFB102243EA024300FB6C
:100CF0000CFC9C4509D9FB1800F1FF3280F0D6802E
:100D00009C4540F2D3803B44023840EA0140A3EBCB
:100D10000C0300211DB1F3400022C5E90032BDE8FB
:100D2000F0878B4205D90DB1C5E9000100210846C5
:100D3000F5E7B3FA83F1002946D1734502D3824225
:100D400000F20581841A6EEB030201209046002D0B
:100D5000E5D0C5E90048E2E7002A00F09080B2FA49
:100D600082F6002E40F0A4808A1A030C4FEA174E38
:100D700080B2BCB20121B2FBFEFC0EFB1C2243EA96
:100D8000024304FB0CF29A4207D9FB180CF1FF381E
:100D900002D29A4200F2E080C4469B1AB3FBFEF2F4
:100DA0000EFB123340EA034302FB04F49C4207D9D2
:100DB000FB1802F1FF3002D29C4200F2CA800246C8
:100DC0001B1B42EA0C40A5E7C1F120068B4022FA2A
:100DD00006F71F430EFA01F420FA06F32EFA06FE78
:100DE0004FEA1749234300FA01F81FFA87FCBEFBBC
:100DF000F9F01C0C09FB10EE44EA0E4400FB0CFE5B
:100E0000A64502FA01F209D93C1900F1FF3A80F037
:100E10009C80A64540F2998002383C44A4EB0E0425
:100E20001FFA83FEB4FBF9F309FB13444EEA0444B2
:100E300003FB0CFCA44508D93C1903F1FF3E80F0EC
:100E40008280A4457FD9023B3C4443EA0040A4EBA6
:100E50000C04A0FB02EC64457346E14662D35FD00C
:100E60005DB1B8EB030264EB090404FA06F622FA5A
:100E700001F31E43CC40C5E9006400214FE7B1FBFC
:100E8000F2FC010C41EA0E4180B240EA01423B46CD
:100E900038463C46B846BE462026B1FBF7F1A2EBE9
:100EA000080241EA0C4166E7014618E710462CE7C4
:100EB000C6F120022EFA02F3B740B14020FA02F246
:100EC0004FEA174E0A43B3FBFEF8BCB20EFB1833D1
:100ED000110C41EA034108FB04F9B04089454FEA8F
:100EE000104380B23ED9791808F1FF3C01D2894500
:100EF0001FD8A1EB0901B1FBFEF909FB04F80EFBB9
:100F0000191192B242EA0142424529D2BA1809F1B6
:100F1000FF31C4D24245C2D2A9F102013A44BEE730
:100F2000F0459DD2BEEB02036CEB070C0138E146A5
:100F300096E7A7EB09094944A8F1020CB1FBFEF9B9
:100F400009FB04F8DBE773467FE7504666E708468F
:100F5000FDE63B44023A33E7ACF1020C3B441CE7AC
:100F600049469CE7A1EB0901C446B1FBFEF909FB28
:100F700004F8C4E7704700BF80B400AF01231846EF
:100F8000BD465DF8047B704780B582B000AF7860E5
:100F9000396004F097FD034616221A604FF0FF33C4
:100FA00018460837BD4680BD80B582B000AF786076
:100FB0004FF0FF317868FFF7E7FFFEE780B586B0B6
:100FC00000AFF860B9607A6000237B610AE0AFF39C
:100FD00000800146BB685A1CBA60CAB21A707B69AD
:100FE00001337B617A697B689A42F0DB7B68184643
:100FF0001837BD4680BD80B586B000AFF860B960D7
:101000007A6000237B6109E0BB685A1CBA601B78D8
:101010001846AFF300807B6901337B617A697B6896
:101020009A42F1DB7B6818461837BD4680BD80B414
:1010300083B000AF78604FF0FF3318460C37BD46E1
:101040005DF8047B704780B483B000AF786039608E
:101050003B684FF400525A60002318460C37BD46D7
:101060005DF8047B704780B483B000AF78600123E3
:1010700018460C37BD465DF8047B704780B485B0D8
:1010800000AFF860B9607A60002318461437BD4697
:101090005DF8047B7047000080B586B000AF7860D3
:1010A000144A154BD31A7B617B693B61134B1B6858
:1010B000002B02D1114B124A1A60104B1A687B6840
:1010C00013443A699A4207D204F0FCFC03460C220E
:1010D0001A604FF0FF3309E0084B1B68FB60074BB9
:1010E0001A687B681344054A1360FB681846183772
:1010F000BD4680BD0000022000040000F40A00206C
:101100001096002080B500AF00F05AFC01F0FEF808
:1011100000F08EFB0621124801F064FB0721104805
:1011200001F060FB06210F4801F05CFB07210D4830
:1011300001F058FB08210B4801F054FB0921094834
:1011400001F050FB0F21084801F04CFB0E2106482E
:1011500001F048FB0D21044801F044FB00BF80BDB5
:101160000000024000080240000C024080B485B03C
:1011700000AF786039604FF0500383F31188BFF3FC
:101180006F8FBFF34F8FFB6000BFFEE780B582B06B
:1011900000AF78600F210A4801F06AFB0621094878
:1011A00001F044FB40F6C41002F014FC062105488F
:1011B00001F04DFB40F6C41002F00CFCEAE700BF62
:1011C000000C02400000024080B582B000AF7860A1
:1011D0000E210A4801F04CFB0721094801F026FBCB
:1011E0004FF47A7002F0F6FB0721054801F02FFB5F
:1011F0004FF47A7002F0EEFBEAE700BF000C024009
:101200000000024080B590B002AF786000F056FF59
:10121000274B18684FF0FF3300930123012201216F
:1012200001F050FB0D21234801F022FB00237B63DA
:101230000EE0214B186807F108027B6B9B001344FA
:101240004FF0FF32194601F0F1FE7B6B01337B63F7
:101250007B6B092BEDDD194B1B684FF0FF311846F6
:1012600001F086FF164800F0FFFF00233B6310E00B
:101270003B6B9B0038333B44303B1B681846FFF701
:101280000BF902460B460F4800F0EEFF3B6B0133B3
:101290003B633B6B092BEBDD0B4800F0E5FF074B95
:1012A000186800230022002101F0FAFDB0E700BF1A
:1012B000040B0020000C0240F80A0020080B00205C
:1012C00058A0000878A0000880A0000880B584B06D
:1012D00000AF786000F0ACFA0023FB6000F0F8FA91
:1012E000F0EE407AC7ED027A0F4B186807F108015B
:1012F000002342F2107201F0D3FD08210B4801F0E7
:10130000B7FAFB680133FB60FB68092B07DD00239C
:10131000FB60074B1B680121184601F05DFB4FF491
:10132000967002F057FBD9E7F80A00200008024047
:10133000040B002080B582B000AF78600C4B1B68B6
:101340004FF0FF31184601F013FF0721094801F063
:101350008FFA094800F088FF054B18680023002227
:10136000002101F09DFD4FF47A7002F033FBE5E7B8
:10137000080B00200008024088A0000880B582B059
:1013800000AF786005223749374801F009F9042297
:101390003449364801F004F90621354801F068FA6D
:1013A000314801F069F90346012B27D1314B1B78F5
:1013B00018462D4B1A69304983000B441A602D4B97
:1013C0001B781846284BDA682B49031D9B000B44F9
:1013D00004331A60274B1B780133DAB2254B1A709D
:1013E000244B1B78042B09D9224B00221A70234B63
:1013F000186800236422204901F052FD1B4801F0C7
:101400003BF90346012B27D11D4B1B781846174B80
:101410001A691C4983000B441A60194B1B78184643
:10142000124BDA681749031D9B000B4404331A6002
:10143000134B1B780133DAB2114B1A70104B1B7827
:10144000042B09D90E4B00221A700F4B1868002389
:1014500064220C4901F024FD4FF47A7002F0BAFACC
:101460009AE700BF000C02400C0B0020200B00206C
:1014700000080240340B0020380B0020FC0A00203A
:10148000350B0020600B0020000B002080B58EB0D3
:1014900000AF78602B4B1B6807F108014FF0FF325B
:1014A000184601F0C3FD284B1B684FF0FF3118466A
:1014B00001F05EFE0921254801F0DAF9244800F028
:1014C000D3FE00237B6310E07B6B9B0038333B44EF
:1014D000303B1B681846FEF7DFFF02460B461D48EF
:1014E00000F0C2FE7B6B01337B637B6B042BEBDD77
:1014F000194800F0B9FE00233B6311E03B6B043355
:101500009B0038333B442C3B1B681846FEF7C4FF56
:1015100002460B460F4800F0A7FE3B6B01333B63CE
:101520003B6B042BEADD0D4800F09EFE064B18686D
:1015300000230022002101F0B3FC41F2883002F0C8
:1015400049FAA7E7FC0A0020080B00200008024027
:10155000ACA00008C8A00008D0A0000880A0000827
:1015600080B58EB000AF78602B4B1B6807F1080187
:101570004FF0FF32184601F059FD284B1B684FF021
:10158000FF31184601F0F4FD0A21254801F070F9F9
:10159000244800F069FE00237B6310E07B6B9B0016
:1015A00038333B44303B1B681846FEF775FF024654
:1015B0000B461D4800F058FE7B6B01337B637B6B51
:1015C000042BEBDD194800F04FFE00233B6311E0D4
:1015D0003B6B04339B0038333B442C3B1B68184661
:1015E000FEF75AFF02460B460F4800F03DFE3B6BEC
:1015F00001333B633B6B042BEADD0D4800F034FE06
:10160000064B186800230022002101F049FC41F23A
:10161000883002F0DFF9A7E7000B0020080B00205C
:1016200000080240DCA00008C8A00008D0A0000804
:1016300080A0000880B58AB002AF0023FB610023C0
:10164000BB6100237B6100233B610023FB6000231F
:10165000BB6000237B6000233B6000220421142038
:1016600001F086FB03465B4A1360002228210A2012
:1016700001F07EFB0346584A1360002228210A200D
:1016800001F076FB0346554A1360524B1B68002B52
:1016900000D1FEE7504B1B68002B00D1FEE74F4BFB
:1016A0001B68002B00D1FEE701F0F1F803464C4A1D
:1016B00013604B4B1B68002B00D1FEE7012001F0AB
:1016C000D6FB0346474A1360464B1B68002B00D1EC
:1016D000FEE707F11C0301930023009300234FF45E
:1016E00000724149414802F04BF80346012B00D0FB
:1016F000FEE707F1180301930023009300234FF442
:1017000000723B493B4802F03BF80346012B00D0F6
:10171000FEE707F1140301930023009300234FF425
:1017200000723549354802F02BF80346012B00D0F2
:10173000FEE707F1100301930023009300234FF409
:1017400000722F492F4802F01BF80346012B00D0EE
:10175000FEE707F10C0301930023009300234FF4ED
:1017600000722949294802F00BF80346012B00D0EA
:10177000FEE73B4601930023009300234FF40072E1
:101780002349244801F0FCFF0346012B00D0FEE76B
:1017900007F1080301930023009300234FF4007224
:1017A0001D491E4801F0ECFF0346012B00D0FEE767
:1017B0003B1D01930023009300234FF4007218494E
:1017C000184801F0DDFF0346012B00D0FEE702F0D0
:1017D00099F9FEE7F80A0020FC0A0020000B00201F
:1017E000040B0020080B0020F8A000088D11000851
:1017F00000A10008C911000808A10008051200088E
:1018000010A10008CD12000818A100083513000827
:1018100020A100086115000828A100087D13000818
:1018200030A100088D14000880B400AFFEE700006E
:1018300080B586B000AF082000F078F91E4B7B61C0
:101840001E4B3B611E4BFB601E4BBB601E4B7B6007
:101850007B691B6823F040727B691A607B681B6898
:1018600023F4E0127B681A607B681B6843F4E01283
:101870007B681A60FB681B6823F44012FB681A60DF
:10188000FB681B6823F47822FB681A60FB681B68FE
:1018900043F40022FB681A60BB681B6843F4000233
:1018A000BB681A603B691B6843F001023B691A6020
:1018B00000BF1837BD4680BD04200140082001400C
:1018C00038200140042301400C20014000000000AA
:1018D00080B586B000AF4FF000037B614FF000038E
:1018E0003B610023FB81304BBB60304B7B60304B56
:1018F0003B60BB681B6843F48002BB681A6000BF92
:101900007B681B689B0803F00103002BF8D07B6801
:101910001B6823F004027B681A603B681B68FB812C
:10192000FB8940F6B83202FB03F31846FEF7A2FD2E
:101930001BA3D3E90023FEF731FF02460B461046F6
:101940001946FFF713F803463B61D7ED047A9FED84
:10195000197A77EEC77A17EE900AFEF79DFD4FF0E1
:101960000002154BFEF71AFF02460B4610461946B9
:101970004FF00002114BFEF731FC02460B461046B9
:101980001946FEF7F3FF03467B617B6907EE903A49
:10199000B0EE670A1837BD4680BD00BFAFF30080C8
:1019A0000000000000FEAF40082001400020014080
:1019B0003C20014000003E4400000440000039404B
:1019C00080B485B000AF554BFB60554BBB60554BA9
:1019D0007B60FB681B6843F48032FB681A6000BFC1
:1019E000FB681B685B0C03F00103002BF8D04E4B27
:1019F0003B603B681B6843F005023B681A603B682C
:101A00001B6843F480723B681A603B681B6843F4B0
:101A100000723B681A603B681B6843F480623B6855
:101A20001A60BB681B6823F03F02BB681A60BB6882
:101A30001B6843F00802BB681A60BB681B6823F48C
:101A4000FF4323F04003BA681360BB681B6843F48C
:101A5000A842BB681A60BB681B6823F44032BB68AD
:101A60001A60BB681A68BB681A60BB681B6823F001
:101A70007062BB681A60BB681B6843F0E062BB68B9
:101A80001A60BB681B6843F48002BB681A60FB687D
:101A90001B6843F08072FB681A6000BFFB681B681C
:101AA0005B0E03F00103002BF8D07B681B6823F06A
:101AB000F0027B681A607B681B6823F4E0527B6845
:101AC0001A607B681B6843F4A0527B681A607B68CD
:101AD0001B6823F460427B681A607B681B6843F4D0
:101AE00000427B681A607B681B6823F003027B68F6
:101AF0001A607B681B6843F002027B681A6000BFB3
:101B00007B681B689B0803F00303022BF8D100BF1E
:101B100000BF1437BD465DF8047B704700380240B3
:101B20000438024008380240003C024080B485B0CE
:101B300000AF0346FB71084BFB60FB681B68FA793A
:101B4000012101FA02F21A43FB681A6000BF143740
:101B5000BD465DF8047B70474438024080B483B0D2
:101B600000AF78600B46FB70FB78012B62D17B687D
:101B7000644A934206D1644B1B6B634A43F00103F2
:101B80001363B9E07B68614A934206D15E4B1B6BDD
:101B90005D4A43F002031363AEE07B685C4A934204
:101BA00006D1594B1B6B584A43F004031363A3E05F
:101BB0007B68584A934206D1534B1B6B524A43F001
:101BC0000803136398E07B68534A934206D14E4B57
:101BD0001B6B4D4A43F0100313638DE07B684F4A43
:101BE000934206D1484B1B6B474A43F020031363D3
:101BF00082E07B684A4A934206D1434B1B6B424AC0
:101C000043F04003136377E07B68464A934206D172
:101C10003D4B1B6B3C4A43F0800313636CE07B68D5
:101C2000414A934268D1384B1B6B374A43F4807367
:101C3000136361E07B68334A934206D1324B1B6BDE
:101C4000314A23F00103136356E07B682F4A934225
:101C500006D12D4B1B6B2C4A23F0020313634BE080
:101C60007B682B4A934206D1274B1B6B264A23F0F5
:101C70000403136340E07B68264A934206D1224B5B
:101C80001B6B214A23F00803136335E07B68224A6B
:101C9000934206D11C4B1B6B1B4A23F010031363AA
:101CA0002AE07B681D4A934206D1174B1B6B164AEC
:101CB00023F0200313631FE07B68194A934206D187
:101CC000114B1B6B104A23F04003136314E07B6835
:101CD000144A934206D10C4B1B6B0B4A23F0800332
:101CE000136309E07B68104A934205D1064B1B6BD6
:101CF000054A23F48073136300BF0C37BD465DF8BB
:101D0000047B70470000024000380240000402409B
:101D100000080240000C0240001002400014024083
:101D200000180240001C02400020024080B483B032
:101D300000AF78600B467B8013467B707B78002B6E
:101D400009D07B685B697A88012101FA02F21A43A3
:101D50007B685A6109E07B685B697A88012101FA36
:101D600002F2D2431A407B685A6100BF0C37BD466D
:101D70005DF8047B704780B483B000AF78600B4699
:101D8000FB707B685B69FA78012101FA02F25A4024
:101D90007B685A6100BF0C37BD465DF8047B704715
:101DA00080B586B000AF78607B681B68012118465B
:101DB000FFF7D4FE7B685B79032B20D87B685B79C7
:101DC0001A467B681B795B0002FA03F33B617B6870
:101DD0001B681A687B681B795B00032101FA03F317
:101DE000DB4319467B681B680A401A607B681B68E6
:101DF00019687B681B683A690A431A60B7E07B6818
:101E00005B79042B17D1474BDB687A68127911464E
:101E100001228A401146434A0B43D360414B9B68E1
:101E20007A681279114601228A40D24311463D4A0E
:101E30000B40936035E07B685B79052B17D1394BFC
:101E40009B687A681279114601228A401146354A08
:101E50000B439360334BDB687A6812791146012299
:101E60008A40D24311462F4A0B40D36019E07B6869
:101E70005B79062B15D12B4BDB687A6812791146FA
:101E800001228A401146274A0B43D360254B9B68A9
:101E90007A681279114601228A401146214A0B4381
:101EA00093607B681B799B08FB757B681B7903F04B
:101EB0000303BB757B681B681B4A93423AD07B685F
:101EC0001B681A4A93422BD07B681B68184A9342BE
:101ED00024D07B681B68154A93421DD07B681B6821
:101EE000114A934216D07B681B68104A93420FD068
:101EF0007B681B680C4A934208D07B681B680B4ABE
:101F0000934201D1072316E0002314E0062312E0D8
:101F1000052310E004230EE003230CE002230AE073
:101F2000012308E0003C01400000024000040240A0
:101F30000008024000237B755D4B5B6C5C4A43F4F8
:101F4000804353647A7DBB7D9B0002FA03F1594ABA
:101F5000FB7D023342F82310574B1B687A681279D5
:101F6000114601228A401146534A0B431360002355
:101F70003B617B689B791A467B681B795B0002FAA0
:101F800003F33B617B681B689A687B681B795B0085
:101F9000032101FA03F3DB4319467B681B680A40FF
:101FA0009A607B681B6899687B681B683A690A437A
:101FB0009A6000233B617B68DB791A467B681B795A
:101FC0005B0002FA03F33B617B681B68DA687B689D
:101FD0001B795B00032101FA03F3DB4319467B689D
:101FE0001B680A40DA607B681B68D9687B681B68DD
:101FF0003A690A43DA6000233B617B681B7A1A4620
:102000007B681B7902FA03F33B617B681B685A68A3
:102010007B681B79194601238B40DB4319467B689B
:102020001B680A405A607B681B6859687B681B689C
:102030003A690A435A6000233B617B685B79022B53
:1020400032D17B681B79DB08DBB2FB607B681B79D4
:1020500003F00703BB607B681B68FA68083253F81B
:102060002220BB689B000F2101FA03F3DB431946D2
:102070007B681B681140FA68083243F822107B68BD
:102080001B68FA68083253F822207B685B7A19468D
:10209000BB689B0001FA03F319467B681B68114378
:1020A000FA68083243F8221000BF1837BD4680BDD9
:1020B0000038024000380140003C014080B487B045
:1020C00000AF2C4B1B6B2B4A43F0020313632A4BCC
:1020D0007B612A4B3B617B691B6823F470427B69FF
:1020E0001A607B691B6843F420427B691A603B6974
:1020F0001B6823F07F423B691A603B691B6843F011
:10210000EE423B691A601B4B5B6C1A4A43F01003AA
:1021100053641B4BFB601B4BBB60FB6842F22E22DF
:102120001A60BB681B6823F48062BB681A60BB68D6
:102130001B6823F48052BB681A60BB681B6843F4B9
:10214000005343F00C03BA681360BB681B6843F08C
:102150002002BB681A600C4B7B607B681B6843F0F5
:1021600020027B681A6000BF1C37BD465DF8047B07
:10217000704700BF003802400004024020040240C3
:10218000081001400C10014004E100E080B485B06B
:1021900000AF0346FB71114BFB60114BBB6000BFEE
:1021A000FB681B68DB0903F00103002BF8D0FA7908
:1021B000BB681A6000BFFB681B689B0903F0010342
:1021C000002BF8D0FB681B6823F04002FB681A6004
:1021D00000BF1437BD465DF8047B70470010014016
:1021E0000410014080B582B000AF174B7B607B6864
:1021F0001868164B1B685A1C14490A60C1B2144A6D
:10220000D1541449124803F001FC0346002B08D0B6
:102210000E4B00221A60142200210D4803F0EEFB41
:102220000EE00D490A4803F0F1FB0346002B07D0EE
:10223000064B00221A6014220021054803F0DEFB41
:1022400000BF0837BD4680BD041001409C0B002034
:10225000880B002038A1000840A1000880B500AF1D
:10226000FFF7C0FF00BF80BD0FB480B5C4B000AFA2
:1022700007F58873A3F5847318464FF480731A46E4
:10228000002103F0BBFB0023C7F8083107F58E726D
:1022900007F58873A3F586731A6007F58873A3F5AD
:1022A000867307F108001B68D7F818214FF4807176
:1022B00003F096FB07F108031846FEF7A7FB034659
:1022C000C7F808310023C7F80C310FE007F5887311
:1022D000A3F58472D7F80C3113441B781846FFF726
:1022E00055FFD7F80C310133C7F80C31D7F80C2162
:1022F000D7F808319A42E9DB00BF00BF07F58877BD
:10230000BD46BDE8804004B07047000080B487B08F
:1023100000AF184B1B6C174A43F0010313644FF0D6
:1023200080437B61144B3B61144BFB60144BBB60DF
:10233000144B7B607B691B6823F001027B691A6088
:102340003B694FF0FF321A60FB6853221A60BB688A
:1023500000221A607B6801221A607B691B6843F0C7
:1023600001027B691A6000BF1C37BD465DF8047B23
:10237000704700BF003802402C0000402800004099
:10238000240000401400004080B485B000AF7860A5
:10239000094BFB60FB681B68BB6000BFFB681A68E9
:1023A000BB68D31A7A689A42F8D800BF00BF1437C6
:1023B000BD465DF8047B70472400004080B483B0C4
:1023C00000AF78607B681B681A697B681B791946C7
:1023D00001238B401340002B01D0012300E0002398
:1023E00018460C37BD465DF8047B704780B584B055
:1023F00000AFF8600B467A60FB720CE0F868FFF7FC
:10240000DDFF03461A46FB7A934201D1012308E01F
:102410000120FFF7B9FF7B685A1E7A60002BEDD1CF
:10242000002318461037BD4680BD80B584B000AF8C
:1024300078607B681B795B00FB737B681B680121FC
:102440001846FFF78BFB7B681B681A68FB7B032130
:1024500001FA03F3DB4319467B681B680A401A60E4
:102460007B681B681A68FB7B012101FA03F319469C
:102470007B681B680A431A607B681B6859687B6825
:102480001B791A46012303FA02F27B681B680A4390
:102490005A607B681B689A68FB7B032101FA03F38F
:1024A000DB4319467B681B680A409A607B681B689F
:1024B0009A68FB7B022101FA03F319467B681B68CB
:1024C0000A439A607B681B68DA68FB7B032101FA88
:1024D00003F3DB4319467B681B680A40DA607B68BC
:1024E0001B68DA68FB7B012101FA03F319467B685C
:1024F0001B680A43DA6000BF1037BD4680BD80B557
:1025000084B000AF78607B681B795B00FB737B68ED
:102510001B6801211846FFF721FB7B681B681A68BE
:10252000FB7B032101FA03F3DB4319467B681B683D
:102530000A401A607B681B689A68FB7B032101FADA
:1025400003F3DB4319467B681B680A409A607B688B
:102550001B689A68FB7B022101FA03F319467B682A
:102560001B680A439A607B681B68DA68FB7B03215F
:1025700001FA03F3DB4319467B681B680A40DA6003
:102580007B681B68DA68FB7B012101FA03F31946BB
:102590007B681B680A43DA6000BF1037BD4680BD08
:1025A00080B584B000AFF860B9601346FB71FB687A
:1025B000BA681A60FB68FA791A71FB6800225A71CE
:1025C000FB6800229A71FB680022DA71FB68002226
:1025D0001A72FB6800225A72FB684FF00002DA6040
:1025E000FB684FF000021A61F868FFF788FF00BF30
:1025F0001037BD4680BD80B584B000AF78603960CB
:102600000023FB730023BB732BE04FF40272012104
:102610007868FFF7EBFE0346002B01D1002327E08B
:102620002820FFF7B1FE7868FFF7C8FE0346002BAD
:1026300009D0BB7BC3F10703012202FA03F3DAB22C
:10264000FB7B1343FB734FF4027200217868FFF7A2
:10265000CDFE0346002B01D1002309E0BB7B0133F3
:10266000BB73BB7B072BD0D93B68FA7B1A70012365
:1026700018461037BD4680BD80B584B000AF786085
:102680000023FB737868FFF7D0FE7B681B685969ED
:102690007B681B791A4601239340DA437B681B68E9
:1026A0000A405A61142001F095F902F0EBFD7868B8
:1026B000FFF725FF2820FFF767FE4FF40272002185
:1026C0007868FFF793FE0346002B40D04FF4027268
:1026D00001217868FFF78AFE0346002B37D04FF4BC
:1026E000027200217868FFF781FE0346002B2ED08E
:1026F0007B68053319467868FFF77DFF0346002B9A
:1027000025D07B68063319467868FFF774FF0346C7
:10271000002B1CD07B68073319467868FFF76BFFE6
:102720000346002B13D07B68083319467868FFF7FF
:1027300062FF0346002B0AD07B680933194678688C
:10274000FFF759FF0346002B01D00123FB7302F072
:10275000B3FDFB7B002B01D100233EE07B685A795F
:102760007B689B791344DAB27B68DB791344DAB275
:102770007B681B7A1344DAB27B685B7A9A4201D099
:1027800000232AE07B685B7907EE903AB8EE677A1F
:102790007B689B7907EE903AF8EE676AB2EE046ABE
:1027A000C6EE867A77EE277A7B68C3ED037A7B687C
:1027B000DB7907EE903AB8EE677A7B681B7A07EE12
:1027C000903AF8EE676AB2EE046AC6EE867A77EE61
:1027D000277A7B68C3ED047A012318461037BD467B
:1027E00080BD000080B586B000AF78600B46FB70FE
:1027F0000D4B1B6B0C4A43F0010313637B68FB60BA
:1028000001237B740323BB740023FB7400233B75FB
:10281000FB783B7407F10C031846FFF7C1FA00BFC1
:102820001837BD4680BD00BF0038024080B582B079
:1028300000AF78600B46FB70FB789BB20122194613
:102840007868FFF773FA00BF0837BD4680BD80B5D2
:1028500082B000AF78600B46FB70FB789BB2002221
:1028600019467868FFF762FA00BF0837BD4680BD99
:1028700080B582B000AF78600B46FB70FB781946DC
:102880007868FFF778FA00BF0837BD4680BD80B58D
:1028900082B000AF242002F0A5FD78607B68002B99
:1028A0000BD07B6800221A607B680433184600F066
:1028B00024F97B68002283F820207B6818460837BB
:1028C000BD4680BD80B58CB000AFF860B9607A605D
:1028D0003B60FB687B620023BB6200233B6201F02C
:1028E00045F97B6A1B68FB613A68B968F86900F0D2
:1028F000E2F8B861BB69002B0ED0FB69FB620023D4
:10290000BB637B68002B28D07B6A1A68BB68DB43FB
:102910001A407B6A1A6020E0BB6B002B04D1FB6974
:10292000FB6201233B6218E07B68002B03D0BB6A8B
:1029300043F08073BB623B68002B03D0BB6A43F05B
:102940008063BB627B6A181DBA68BB6A1343BA6BAB
:10295000194601F0CDFB0023FB6201F015F9786107
:10296000BB6B002B31D07B69002B07D1194B4FF08B
:1029700080521A60BFF34F8FBFF36F8F02F066F87B
:10298000F862FB6A03F00073002B1AD102F07AFCA4
:102990007B6A1B68FB623A68B968F86A00F08BF8DA
:1029A0000346002B09D07B68002B06D07B6A1A688F
:1029B000BB68DB431A407B6A1A6001233B6202F06A
:1029C0007BFCFB6A23F07F43FB62FB6A18463037CF
:1029D000BD4680BD04ED00E080B58CB000AF7860EE
:1029E00039600023BB627B683B6200237B623B6AE9
:1029F0000433FB61FB690833BB6101F0B7F8FB6985
:102A0000DB68FB623B6A1A683B681A433B6A1A60E0
:102A10003CE0FB6A5B683B61FB6A1B68FB60002370
:102A20007B62FB6803F07F43BB60FB6823F07F435E
:102A3000FB60BB6803F08063002B08D13B6A1A6817
:102A4000FB681340002B0BD001237B6208E03B6A3C
:102A50001A68FB681340FA689A4201D101237B622D
:102A60007B6A002B10D0BB6803F08073002B03D06F
:102A7000BA6AFB681343BB623B6A1B6843F000738E
:102A80001946F86A01F070FC3B69FB62FA6ABB699F
:102A90009A42BED13B6A1A68BB6ADB431A403B6A62
:102AA0001A603B6A1B687B6101F06EF87B6918460F
:102AB0003037BD4680BD80B487B000AFF860B960E4
:102AC0007A6000237B617B68002B07D1FA68BB68C2
:102AD0001340002B0AD001237B6107E0FA68BB6832
:102AE0001340BA689A4201D101237B617B69184681
:102AF0001C37BD465DF8047B704780B483B000AFDF
:102B000078607B6803F108027B685A607B684FF04D
:102B1000FF329A607B6803F108027B68DA607B68A9
:102B200003F108027B681A617B6800225A617B68A6
:102B300000229A617B6800221A6000BF0C37BD46F4
:102B40005DF8047B704780B483B000AF78607B6829
:102B500000221A6100BF0C37BD465DF8047B704748
:102B600080B485B000AF786039603B681B68BB609B
:102B7000BB68B3F1FF3F03D17B681B69FB600CE0CE
:102B80007B680833FB6002E0FB685B68FB60FB6806
:102B90005B681B68BA689A42F6D2FB685A683B6861
:102BA0005A603B685B683A689A603B68FA689A606A
:102BB000FB683A685A603B687A681A617B681B68F0
:102BC0005A1C7B681A6000BF1437BD465DF8047B51
:102BD000704780B485B000AF78607B681B69FB608C
:102BE0007B685B687A6892689A607B689B687A68A1
:102BF00052685A60FB685B687A689A4203D17B68C6
:102C00009A68FB685A607B6800221A61FB681B683F
:102C10005A1EFB681A60FB681B6818461437BD46CD
:102C20005DF8047B7047000080B584B000AF786029
:102C300039600123FB607B68BB60BB68002B5DD003
:102C4000BB68DB6C002B59D0BB681A6DBB68DB6CB2
:102C50000021A3FB0223002B00D001210B46002BF7
:102C60004CD102F00FFBBB681A68BB68DB6CB9681B
:102C7000096D01FB03F31A44BB689A60BB6800222C
:102C80009A64BB681A68BB685A60BB681A68BB68FC
:102C9000DB6C013BB968096D01FB03F31A44BB68A7
:102CA000DA60BB68FF2283F85420BB68FF2283F8F8
:102CB00055203B68002B14D1BB681B69002B1AD030
:102CC000BB681033184601F083FA0346002B12D07C
:102CD0000E4B4FF080521A60BFF34F8FBFF36F8FD0
:102CE00009E0BB6810331846FFF707FFBB682C33B9
:102CF0001846FFF702FF02F0DFFA01E00023FB6055
:102D0000FB6818461037BD4680BD00BF04ED00E0EB
:102D100080B588B002AFF860B9607A603B6000238C
:102D20007B61FB68002B1ED03B68002B1BD07B68AF
:102D3000002B02D0BB68002B15D07B68002B02D182
:102D4000BB68002B0FD13B687B617B69012283F854
:102D5000562097F820207B69009313467A68B9685B
:102D6000F86800F048F87B6918461837BD4680BD02
:102D700080B58AB002AFF860B9601346FB710023DA
:102D8000FB61FB68002B31D00021BA68FB68A3FB14
:102D90000223002B00D001210B46002B26D1FB681B
:102DA000BA6802FB03F313F15D0F1FD8FB68BA6822
:102DB00002FB03F3BB61BB695C33184602F012FBF4
:102DC000F861FB69002B11D0FB697B617B695C3387
:102DD0007B61FB69002283F85620FA79FB69009336
:102DE00013467A69B968F86800F005F8FB69184677
:102DF0002037BD4680BD80B584B000AFF860B960B3
:102E00007A60FB70BB68002B03D1BB69BA691A609A
:102E100002E0BB697A681A60BB69FA68DA64BB6968
:102E2000BA681A650121B869FFF7FEFEBB69002286
:102E30009A6500BF1037BD4680BD80B582B000AF37
:102E400078607B68002B0ED07B6800229A607B68DC
:102E500000221A607B680022DA6000230022002131
:102E6000786800F01DF800BF0837BD4680BD80B50A
:102E700086B000AF0346FB7101237B6100233B61F9
:102E8000FB791A4639697869FFF772FFF860F868CC
:102E9000FFF7D3FFFB6818461837BD4680BD00001A
:102EA00080B58AB000AFF860B9607A603B600023FB
:102EB0007B62FB683B6202F0E5F93B6A9A6C3B6A15
:102EC000DB6C9A4202D33B68022B45D13B6A9B6C78
:102ED000FB613A68B968386A00F02AFAB8613B6A5F
:102EE0009B6D002B14D03B68022B02D1FB69002B99
:102EF0002ED1386A00F06DFB0346002B28D04A4BD8
:102F00004FF080521A60BFF34F8FBFF36F8F1FE0F7
:102F10003B6ADB6A002B10D03B6A2C33184601F069
:102F200057F90346002B13D03F4B4FF080521A60E5
:102F3000BFF34F8FBFF36F8F0AE0BB69002B07D041
:102F4000394B4FF080521A60BFF34F8FBFF36F8F32
:102F500002F0B2F9012363E07B68002B03D102F099
:102F6000ABF900235CE07B6A002B06D107F110036C
:102F7000184601F09DFA01237B6202F09DF900F0F2
:102F8000F5FD02F07FF93B6A93F854305BB2B3F180
:102F9000FF3F03D13B6A002283F854203B6A93F839
:102FA00055305BB2B3F1FF3F03D13B6A002283F897
:102FB000552002F081F93A1D07F110031146184619
:102FC00001F08CFA0346002B24D1386A00F0B5FAE0
:102FD0000346002B18D03B6A10337A681146184616
:102FE00001F070F8386A00F033FA00F0CDFD0346C6
:102FF000002B7FF460AF0C4B4FF080521A60BFF390
:103000004F8FBFF36F8F56E7386A00F021FA00F058
:10301000BBFD50E7386A00F01BFA00F0B5FD002355
:1030200018462837BD4680BD04ED00E080B58AB063
:1030300000AFF860B9607A6000237B62FB683B6296
:1030400002F020F93B6A9B6CFB61FB69002B1FD0EF
:10305000B968386A00F0D6F9FB695A1E3B6A9A646F
:103060003B6A1B69002B0FD03B6A1033184601F0F6
:10307000AFF80346002B07D03C4B4FF080521A604C
:10308000BFF34F8FBFF36F8F02F016F9012369E092
:103090007B68002B03D102F00FF9002362E07B6A0A
:1030A000002B06D107F11403184601F001FA0123A1
:1030B0007B6202F001F900F059FD02F0E3F83B6A8F
:1030C00093F854305BB2B3F1FF3F03D13B6A002267
:1030D00083F854203B6A93F855305BB2B3F1FF3F5D
:1030E00003D13B6A002283F8552002F0E5F83A1D2F
:1030F00007F114031146184601F0F0F90346002BBE
:1031000023D1386A00F003FA0346002B17D03B6A3C
:103110002C337A681146184600F0D4FF386A00F064
:1031200097F900F031FD0346002B89D10F4B4FF08A
:1031300080521A60BFF34F8FBFF36F8F80E7386AFA
:1031400000F086F900F020FD7AE7386A00F080F997
:1031500000F01AFD386A00F0DAF90346002B3FF45C
:103160006FAF002318462837BD4680BD04ED00E050
:1031700080B58AB000AF7860396000237B627B68DD
:10318000FB6100233B6202F07DF8FB699B6CBB6135
:10319000BB69002B24D0BB695A1EFB699A64FB698A
:1031A0001B68002B04D101F069FC0246FB699A60A0
:1031B000FB691B69002B0FD0FB691033184601F027
:1031C00007F80346002B07D04C4B4FF080521A6093
:1031D000BFF34F8FBFF36F8F02F06EF8012389E0CA
:1031E0003B68002B03D102F067F8002382E07B6A82
:1031F000002B06D107F10C03184601F059F9012301
:103200007B6202F059F800F0B1FC02F03BF8FB6978
:1032100093F854305BB2B3F1FF3F03D1FB69002256
:1032200083F85420FB6993F855305BB2B3F1FF3F4C
:1032300003D1FB69002283F8552002F03DF83A469D
:1032400007F10C031146184601F048F90346002B1C
:1032500032D1F86900F05BF90346002B26D0FB69F8
:103260001B68002B09D102F00DF8FB699B6818461A
:1032700001F05AFA386202F01FF8FB692C333A6801
:103280001146184600F01EFFF86900F0E1F800F062
:103290007BFC0346002B7FF476AF184B4FF0805237
:1032A0001A60BFF34F8FBFF36F8F6CE7F86900F0C0
:1032B000CFF800F069FC66E7F86900F0C9F800F0A3
:1032C00063FCF86900F023F90346002B3FF45BAF81
:1032D0003B6A002B0DD001F0D5FFF86900F010F823
:1032E0007861FB699B687969184601F025FB01F05C
:1032F000E3FF002318462837BD4680BD04ED00E0FB
:1033000080B485B000AF78607B68DB6A002B06D0A4
:103310007B689B6B1B68C3F10503FB6001E0002326
:10332000FB60FB6818461437BD465DF8047B7047A8
:1033300080B586B000AFF860B9607A6000237B6129
:10334000FB689B6C3B61FB681B6D002B0DD1FB6820
:103350001B68002B4DD1FB689B68184601F076FA7C
:103360007861FB6800229A6043E07B68002B19D1EA
:10337000FB685868FB681B6D1A46B96802F0D0FB01
:10338000FB685A68FB681B6D1A44FB685A60FB684F
:103390005A68FB689B689A422BD3FB681A68FB68E3
:1033A0005A6026E0FB68D868FB681B6D1A46B9684E
:1033B00002F0B6FBFB68DA68FB681B6D5B421A44DF
:1033C000FB68DA60FB68DA68FB681B689A4207D220
:1033D000FB689A68FB681B6D5B421A44FB68DA6005
:1033E0007B68022B05D13B69002B02D03B69013B76
:1033F0003B613B695A1CFB689A647B691846183725
:10340000BD4680BD80B582B000AF786039607B6812
:103410001B6D002B18D07B68DA687B681B6D1A4423
:103420007B68DA607B68DA687B689B689A4203D3C2
:103430007B681A687B68DA607B68D9687B681B6D7B
:103440001A46386802F06CFB00BF0837BD4680BDE5
:1034500080B584B000AF786001F014FF7B6893F80A
:103460005530FB731EE07B689B6D002B08D078689D
:1034700000F0AFF80346002B10D001F089F80DE002
:103480007B68DB6A002B12D07B682C33184600F077
:103490009FFE0346002B01D001F07AF8FB7B013B35
:1034A000DBB2FB7397F90F30002BDCDC00E000BFD0
:1034B0007B68FF2283F8552001F0FEFE01F0E2FE5A
:1034C0007B6893F85430BB7311E07B681B69002B59
:1034D00012D07B681033184600F07AFE0346002BAA
:1034E00001D001F055F8BB7B013BDBB2BB7397F910
:1034F0000E30002BE9DC00E000BF7B68FF2283F880
:10350000542001F0D9FE00BF1037BD4680BD80B504
:1035100084B000AF786001F0B5FE7B689B6C002B37
:1035200002D10123FB6001E00023FB6001F0C4FE37
:10353000FB6818461037BD4680BD80B584B000AF2B
:10354000786001F09FFE7B689A6C7B68DB6C9A4226
:1035500002D10123FB6001E00023FB6001F0ACFE1F
:10356000FB6818461037BD4680BD80B586B000AFF9
:10357000F860B9607A60FB687B6101F083FE7B696B
:1035800093F854305BB2B3F1FF3F03D17B69002263
:1035900083F854207B6993F855305BB2B3F1FF3F59
:1035A00003D17B69002283F8552001F085FE7B69F9
:1035B0009B6C002B06D17B692C337A68B96818465E
:1035C00000F0CEFD7869FFF743FF00BF1837BD4616
:1035D00080BD80B586B000AF78607B689B6D3B6135
:1035E00000237B613B699A6C3B69DB6C9A422DD26C
:1035F0003B6993F85530FB733B1D0022194638692F
:10360000FFF796FE786197F90F30B3F1FF3F0ED1C7
:103610003B69DB6A002B19D03B692C33184600F05C
:10362000D7FD0346002B11D001237B610EE000F093
:10363000B5FBB86097F90F30BA689A4206D9FB7BA0
:103640000133DBB25AB23B6983F855207B691846D7
:103650001837BD4680BD80B58AB004AFF860B96048
:103660007A603B60BB6A002B1FD07B6A002B1CD0AA
:10367000BB6A7B6154220021786902F0BFF97B6943
:103680007A6A1A637B69022283F85120002303932C
:103690007B690293FB6A01933B6A00933B687A68FB
:1036A000B968F86800F08FF801E000237B617B695E
:1036B00018461837BD4680BD80B58AB004AFF860A3
:1036C000B9607A603B6000233B6107F1100303930C
:1036D000BB6A02937B6A01933B6A00933B687A68FA
:1036E000B968F868FFF7B7FF78617B69002B02D0F3
:1036F000786900F0D9F83B6918461837BD4680BD97
:1037000080B58AB004AFF860B9607A603B607B68CE
:103710009B00184601F066FE38613B69002B13D010
:10372000542001F05FFE78617B69002B08D05422A1
:103730000021786902F062F97B693A691A6305E051
:10374000386901F001FF01E000237B617B69002BF8
:1037500011D07B69002283F85120002303937B69F9
:1037600002937B6A01933B6A00933B687A68B9686D
:10377000F86800F028F87B6918461837BD4680BD08
:1037800080B588B002AFF860B9607A603B607B6A50
:1037900001933B6A00933B687A68B968F868FFF761
:1037A000AFFF38613B69002B05D0386900F07CF829
:1037B00001237B6102E04FF0FF337B617B69184698
:1037C0001837BD4680BD80B586B000AFF860B960DF
:1037D0007A603B60BB6A186B7B689B001A46A52128
:1037E00002F00CF9BB6A1A6B7B6803F18043013B62
:1037F0009B0013443B613B6923F007033B61BB68BB
:10380000002B1ED000237B6112E0BA687B69134451
:103810001978BA6A7B69134434330A461A70BA6855
:103820007B6913441B78002B06D07B6901337B61D5
:103830007B69092BE9D900E000BFBB6A002283F84D
:103840003D203B6A042B01D904233B62BB6A3A6AE0
:10385000DA62BB6A3A6A1A64BB6A04331846FFF735
:1038600072F9BB6A18331846FFF76DF9BB6ABA6A7A
:103870001A613B6AC3F10502BB6A9A61BB6ABA6A04
:103880005A623A68F968386901F04EFC0246BB6A30
:103890001A607B6A002B02D07B6ABA6A1A6000BF8A
:1038A0001837BD4680BD000080B584B000AF786099
:1038B00001F0E8FC404B1B6801333F4A13603F4B6B
:1038C0001B68002B09D13D4A7B6813603A4B1B688B
:1038D000012B10D100F080FE0DE0394B1B68002B4E
:1038E00009D1364B1B68DA6A7B68DB6A9A4202D8D8
:1038F000324A7B681360334B1B680133314A1360D3
:103900007B68DA6A304B1B689A4203D97B68DB6AB2
:103910002D4A13607B68DA6A2C491346DB009B1A38
:103920009B000B4404331B68FB607B68FA689A6059
:10393000FB689A687B68DA60FB689B687A68043287
:103940005A607B681A1DFB689A607B68DA6A1346C6
:10395000DB009B1A9B001D4A1A447B685A617B68F6
:10396000DA6A1A491346DB009B1A9B000B441B685A
:103970007A68D26A591C15481346DB009B1A9B00D3
:103980000344196001F098FC0D4B1B68002B0ED00E
:103990000A4B1B68DA6A7B68DB6A9A4207D20C4BD7
:1039A0004FF080521A60BFF34F8FBFF36F8F00BF8D
:1039B0001037BD4680BD00BFC80C0020A00B002002
:1039C000D40C0020E40C0020D00C0020A40B00201C
:1039D00004ED00E080B584B000AF78600023FB60A8
:1039E0007B68002B08D000F0C1F80021786801F056
:1039F0005DF800F0C9F8F860FB68002B07D1064BB2
:103A00004FF080521A60BFF34F8FBFF36F8F00BF2C
:103A10001037BD4680BD00BF04ED00E080B58EB01C
:103A200004AF01237B6207F10C0300221A605A6085
:103A30001A810023BB610023FB6113E02E4AFB695E
:103A40001344197807F10C02FB6913440A461A70F3
:103A500007F10C02FB6913441B78002B06D0FB69AD
:103A60000133FB61FB69082BE8D900E000BF07F1D7
:103A70000C02FB69134400221A7000233B6230E001
:103A80001E4BBB610023BB6000237B603A46391D9F
:103A900007F10803184601F07FF838687B68BA68B8
:103AA00007F10C01029201930023009300230246C8
:103AB000B869FFF701FE024611493B6A41F823202D
:103AC0000F4A3B6A52F82330002B02D001237B625D
:103AD00001E000237B627B6A012B06D13B6A013344
:103AE0003B623B6A002BCBDD00E000BF7B6A1846DF
:103AF0002837BD4680BD00BF50A10008A945000879
:103B0000EC0C002080B582B000AFFFF787FF786033
:103B10007B68012B02D101F073F878607B68012B80
:103B200015D14FF0500383F31188BFF36F8FBFF3AC
:103B30004F8F3B6000BF094B4FF0FF321A60084BBC
:103B400001221A60074B00221A6001F063FB064B4A
:103B50001B6800BF0837BD4680BD00BFE80C0020D1
:103B6000D40C0020CC0C002060A1000880B400AF71
:103B7000044B1B680133034A136000BFBD465DF868
:103B8000047B7047F00C002080B588B000AF0023A4
:103B9000FB610023BB6101F075FB00233B616E4BB1
:103BA0001B68013B6C4A13606B4B1B68002B40F099
:103BB000CB806A4B1B68002B00F0C6808FE0684BFF
:103BC000DB68DB68FB61FB699B6AFB60FB69DB69A7
:103BD000FA69126A9A60FB691B6AFA69D2695A60CB
:103BE000FB685A68FB6918339A4203D1FB691A6A69
:103BF000FB685A60FB6900229A62FB681B685A1EC8
:103C0000FB681A60FB695B69BB60FB699B68FA69CA
:103C1000D2689A60FB69DB68FA6992685A60BB688F
:103C20005A68FB6904339A4203D1FB69DA68BB68BE
:103C30005A60FB6900225A61BB681B685A1EBB6848
:103C40001A60FB69DA6A474B1B689A4203D9FB6921
:103C5000DB6A444A1360FB69DA6A43491346DB00B6
:103C60009B1A9B000B4404331B687B60FB697A68DA
:103C70009A607B689A68FB69DA607B689B68FA697E
:103C800004325A60FB691A1D7B689A60FB69DA6A24
:103C90001346DB009B1A9B00334A1A44FB695A61A6
:103CA000FB69DA6A30491346DB009B1A9B000B4420
:103CB0001B68FA69D26A591C2B481346DB009B1A11
:103CC0009B0003441960FB69DA6A284B1B68DB6AB6
:103CD0009A4204D9264A3B69012142F82310204B1D
:103CE0001B68002B7FF46BAFFB69002B01D000F049
:103CF000FFFC204B1B687B617B69002B12D000F01E
:103D000059F80346002B04D0194A3B69012142F8B7
:103D100023107B69013B7B617B69002BEFD1154B45
:103D200000221A60124A3B6952F82330002B0BD054
:103D30000123BB610D4B1B680F4B4FF080521A6083
:103D4000BFF34F8FBFF36F8F01F0B6FABB69184610
:103D50002037BD4680BD00BFF00C0020C80C0020FD
:103D6000700C0020D00C0020A40B0020A00B002021
:103D7000DC0C0020D80C002004ED00E080B483B0FF
:103D800000AF054B1B687B607B6818460C37BD464F
:103D90005DF8047B704700BFCC0C002080B400AFFE
:103DA000034B1B681846BD465DF8047B704700BF97
:103DB000C80C002080B588B000AF0023FB61774BB2
:103DC0001B68002B40F0DF80754B1B680133BB6123
:103DD000734ABB691360BB69002B10D1714B1B6820
:103DE0007B61714B1B686F4A13606F4A7B6913607C
:103DF0006E4B1B6801336D4A136000F079FC6C4B0D
:103E00001B68BA699A42C0F0A980664B1B681B68A0
:103E1000002B04D1664B4FF0FF321A609EE0614BDD
:103E20001B68DB68DB683B613B695B68FB60BA6908
:103E3000FB689A4203D25E4AFB6813608EE03B69DE
:103E40005B69BB603B699B683A69D2689A603B6971
:103E5000DB683A6992685A60BB685A683B69043308
:103E60009A4203D13B69DA68BB685A603B69002219
:103E70005A61BB681B685A1EBB681A603B699B6A23
:103E8000002B1ED03B699B6A7B603B69DB693A690A
:103E9000126A9A603B691B6A3A69D2695A607B6808
:103EA0005A683B6918339A4203D13B691A6A7B68A6
:103EB0005A603B6900229A627B681B685A1E7B68C5
:103EC0001A603B69DA6A3B4B1B689A4203D93B692B
:103ED000DB6A384A13603B69DA6A37491346DB000C
:103EE0009B1A9B000B4404331B683B603B693A6898
:103EF0009A603B689A683B69DA603B689B683A69FC
:103F000004325A603B691A1D3B689A603B69DA6A61
:103F10001346DB009B1A9B00274A1A443B695A61EF
:103F20003B69DA6A24491346DB009B1A9B000B4469
:103F30001B683A69D26A591C1F481346DB009B1A5A
:103F40009B00034419603B69DA6A1C4B1B68DB6AFF
:103F50009A427FF65AAF0123FB6156E7174B1B6865
:103F6000DA6A15491346DB009B1A9B000B441B6859
:103F7000012B01D90123FB61114B1B68002B07D0DA
:103F80000123FB6104E00F4B1B6801330D4A1360F2
:103F9000FB6918462037BD4680BD00BFF00C0020ED
:103FA000CC0C0020680C00206C0C0020E00C0020E1
:103FB000E80C0020D00C0020A40B0020A00B002057
:103FC000DC0C0020D80C002080B586B000AF384B48
:103FD0001B68002B03D0374B01221A6064E0354B7D
:103FE00000221A60344B1B681B6B3B614FF0A533FA
:103FF000FB60314B1B681A682F4B1B681B6B9A4286
:1040000016D93B691B68FA689A4211D13B6904339F
:104010001B68FA689A420BD13B6908331B68FA683F
:104020009A4205D13B690C331B68FA689A4209D061
:10403000214B1B683433BB601F4B1B68B9681846A3
:10404000FDF794F81D4B1B687B6102E07B69013B27
:104050007B611B497A691346DB009B1A9B000B446A
:104060001B68002BF2D07A691346DB009B1A9B0079
:10407000134A13447B607B685B685A687B685A60AC
:104080007B685A687B6808339A4203D17B68DA6898
:104090007B685A607B685B68DB68074A1360074A85
:1040A0007B691360044B1B6800BF1837BD4680BD99
:1040B000F00C0020DC0C0020A00B0020D00C002015
:1040C000A40B002080B582B000AF78603960074B48
:1040D0001B68183319467868FEF742FD01213868DD
:1040E00000F0E4FC00BF0837BD4680BDA00B0020F7
:1040F00080B586B000AFF860B9607A60174B1B6876
:10410000BA6842F000429A61FB685B687B61134BBE
:104110001B687A69DA61114B1B687A6992681A62C6
:104120000E4B1A687B699B6818325A600B4B1B68F0
:1041300003F118027B699A60084B1B68FA689A625F
:10414000FB681B685A1CFB681A600121786800F044
:10415000ADFC00BF1837BD4680BD00BFA00B0020DE
:1041600080B586B000AFF860B9607A60FB685B68C4
:104170007B61164B1B687A69DA61144B1B687A699C
:1041800092681A62114B1A687B699B6818325A60F0
:104190000E4B1B6803F118027B699A600B4B1B687E
:1041A000FA689A62FB681B685A1CFB681A607B6895
:1041B000002B02D04FF0FF33BB607968B86800F085
:1041C00075FC00BF1837BD4680BD00BFA00B0020A6
:1041D00080B489B000AF78607B68DB68DB68BB6166
:1041E000BB699B6A7B61BB69DB69BA69126A9A60C9
:1041F000BB691B6ABA69D2695A607B695A68BB6934
:1042000018339A4203D1BB691A6A7B695A60BB6949
:1042100000229A627B691B685A1E7B691A604C4BAC
:104220001B68002B61D1BB695B69FB60BB699B6844
:10423000BA69D2689A60BB69DB68BA6992685A60E9
:10424000FB685A68BB6904339A4203D1BB69DA68D8
:10425000FB685A60BB6900225A61FB681B685A1EE2
:10426000FB681A60BB69DA6A3A4B1B689A4203D949
:10427000BB69DB6A374A1360BB69DA6A36491346A1
:10428000DB009B1A9B000B4404331B68BB60BB69BB
:10429000BA689A60BB689A68BB69DA60BB689B6859
:1042A000BA6904325A60BB691A1DBB689A60BB695F
:1042B000DA6A1346DB009B1A9B00274A1A44BB6943
:1042C0005A61BB69DA6A24491346DB009B1A9B00DA
:1042D0000B441B68BA69D26A591C1F481346DB009D
:1042E0009B1A9B00034419601BE01C4B5B683B61FD
:1042F000BB693A69DA613B699A68BB691A623B69D2
:104300009B68BA6918325A60BB6903F118023B69AD
:104310009A60BB69114A9A62104B1B6801330F4ABD
:104320001360BB69DA6A0E4B1B68DB6A9A4205D9D7
:104330000123FB610B4B01221A6001E00023FB61AA
:10434000FB6918462437BD465DF8047B704700BF03
:10435000F00C0020D00C0020A40B0020700C0020DA
:10436000A00B0020DC0C002080B487B000AF786088
:1043700039603B6843F000427B681A607B68DB6809
:104380007B617B681B693B617B685B687A689268CC
:104390009A607B689B687A6852685A603B695B6880
:1043A0007A689A4203D17B689A683B695A607B6855
:1043B00000221A613B691B685A1E3B691A607B69BF
:1043C0005B69FB607B699B687A69D2689A607B69EC
:1043D000DB687A6992685A60FB685A687B690433C3
:1043E0009A4203D17B69DA68FB685A607B690022D4
:1043F0005A61FB681B685A1EFB681A607B69DA6A9F
:10440000274B1B689A4203D97B69DB6A244A1360F5
:104410007B69DA6A23491346DB009B1A9B000B4435
:1044200004331B68BB607B69BA689A60BB689A6892
:104430007B69DA60BB689B687A6904325A607B6981
:104440001A1DBB689A607B69DA6A1346DB009B1A07
:104450009B00144A1A447B695A617B69DA6A1149E4
:104460001346DB009B1A9B000B441B687A69D26AD7
:10447000591C0C481346DB009B1A9B00034419602F
:104480007B69DA6A084B1B68DB6A9A4202D9074BE0
:1044900001221A6000BF1C37BD465DF8047B7047DF
:1044A000D00C0020A40B0020A00B0020DC0C00206E
:1044B00080B483B000AF7860064B1A687B681A60DE
:1044C000054B1A687B685A6000BF0C37BD465DF823
:1044D000047B7047E00C0020CC0C002080B586B037
:1044E00000AF7860396000F0CDFE264B1B683B6161
:1044F0007B685B683A69D31AFB60234B1B6893F8AF
:104500005230002B07D0204B1B68002283F852202A
:1045100001237B612EE03B681B68B3F1FF3F02D1B2
:1045200000237B6126E07B681A68184B1B689A425F
:104530000AD07B685B683A699A4205D301237B61A4
:104540003B6800221A6015E03B681B68FA689A42D3
:104550000BD23B681A68FB68D21A3B681A6078680D
:10456000FFF7A6FF00237B6104E03B6800221A608E
:1045700001237B6100F0A0FE7B6918461837BD4619
:1045800080BD00BFCC0C0020A00B0020E00C002060
:1045900080B400AF034B01221A6000BFBD465DF836
:1045A000047B7047DC0C002080B582B000AF7860DF
:1045B00000F052F8064B1B68012BF9D9054B4FF060
:1045C00080521A60BFF34F8FBFF36F8FF0E700BFC9
:1045D000A40B002004ED00E080B582B000AF002302
:1045E0007B600CE07A681346DB009B1A9B00124A42
:1045F00013441846FEF781FA7B6801337B607B68C1
:10460000042BEFD90D48FEF778FA0D48FEF775FA3E
:104610000C48FEF772FA0C48FEF76FFA0B48FEF7EB
:104620006CFA0B4B054A1A600A4B054A1A6000BF28
:104630000837BD4680BD00BFA40B0020300C002011
:104640004C0C0020700C00208C0C0020AC0C0020C6
:10465000680C00206C0C002080B582B000AF19E01F
:1046600000F010FE104BDB68DB687B607B68043376
:104670001846FEF7AEFA0D4B1B68013B0B4A136060
:104680000B4B1B68013B0A4A136000F015FE78686B
:1046900000F010F8064B1B68002BE1D100BF00BFF3
:1046A0000837BD4680BD00BF8C0C0020C80C002020
:1046B000A80C002080B582B000AF78607B6893F8CA
:1046C0005130002B08D17B681B6B184600F03CFF73
:1046D000786800F039FF07E07B6893F85130012BD0
:1046E00002D1786800F030FF00BF0837BD4680BDBA
:1046F00080B400AF0A4B1B681B68002B04D1094B28
:104700004FF0FF321A6005E0054B1B68DB681B6841
:10471000044A136000BFBD465DF8047B704700BFCC
:10472000680C0020E80C002080B586B000AF7860EF
:104730007B683B6100237B617B68002B7BD03B69FE
:10474000DA6A3F4B1B68DB6A9A426BD23B699B6912
:10475000002B06DB3A4B1B68DB6AC3F105023B69A1
:104760009A613B6959693B69DA6A1346DB009B1A17
:104770009B00344A134499424CD13B690433184698
:10478000FEF727FA2E4B1B68DA6A3B69DA623B694F
:10479000DA6A2D4B1B689A4203D93B69DB6A2A4AC5
:1047A00013603B69DA6A27491346DB009B1A9B00BA
:1047B0000B4404331B68FB603B69FA689A60FB6832
:1047C0009A683B69DA60FB689B683A6904325A6010
:1047D0003B691A1DFB689A603B69DA6A1346DB0085
:1047E0009B1A9B00174A1A443B695A613B69DA6A73
:1047F00014491346DB009B1A9B000B441B683A6963
:10480000D26A591C0F481346DB009B1A9B000344D5
:10481000196004E00A4B1B68DA6A3B69DA6201231B
:104820007B6108E03B691A6C054B1B68DB6A9A42A6
:1048300001D201237B617B6918461837BD4680BDD4
:10484000A00B0020A40B0020D00C002080B586B067
:1048500000AF78607B683B6100237B617B68002B45
:1048600061D03B695B6C5A1E3B695A643B69DA6AEA
:104870003B691B6C9A4256D03B695B6C002B52D152
:104880003B6904331846FEF7A4F93B691A6C3B698F
:10489000DA623B69DB6AC3F105023B699A613B69F5
:1048A000DA6A234B1B689A4203D93B69DB6A204AC8
:1048B00013603B69DA6A1F491346DB009B1A9B00B1
:1048C0000B4404331B68FB603B69FA689A60FB6821
:1048D0009A683B69DA60FB689B683A6904325A60FF
:1048E0003B691A1DFB689A603B69DA6A1346DB0074
:1048F0009B1A9B000F4A1A443B695A613B69DA6A6A
:104900000C491346DB009B1A9B000B441B683A6959
:10491000D26A591C07481346DB009B1A9B000344CC
:10492000196001237B617B6918461837BD4680BD3D
:10493000D00C0020A40B002080B588B000AF7860B8
:1049400039607B68BB6101237B617B68002B75D07C
:10495000BB691B6C3A689A4202D93B68FB6102E072
:10496000BB691B6CFB61BB69DB6AFA699A4265D063
:10497000BB695B6C7A699A4260D1BB69DB6A3B6157
:10498000BB69FA69DA62BB699B69002B04DBFB69CE
:10499000C3F10502BB699A61BB6959693A6913465B
:1049A000DB009B1A9B00274A1344994246D1BB69FE
:1049B00004331846FEF70DF9BB69DA6A224B1B680F
:1049C0009A4203D9BB69DB6A1F4A1360BB69DA6A82
:1049D0001C491346DB009B1A9B000B4404331B68E5
:1049E000FB60BB69FA689A60FB689A68BB69DA6029
:1049F000FB689B68BA6904325A60BB691A1DFB6880
:104A00009A60BB69DA6A1346DB009B1A9B000D4A69
:104A10001A44BB695A61BB69DA6A0A491346DB006A
:104A20009B1A9B000B441B68BA69D26A591C054843
:104A30001346DB009B1A9B000344196000BF20371C
:104A4000BD4680BDA40B0020D00C002080B483B0F4
:104A500000AF094B1B689B697B60074B1B68DA6AD8
:104A6000054B1B68C2F105029A617B6818460C373A
:104A7000BD465DF8047B7047A00B002080B483B076
:104A800000AF094B1B687B607B68002B04D07B6800
:104A90005B6C5A1C7B685A647B6818460C37BD46B1
:104AA0005DF8047B704700BFA00B002080B588B084
:104AB00000AF78603960324B1B68FB61314B1B687B
:104AC000BB61314B1B687B61304B1B68002283F854
:104AD00052202E4B1B6804331846FEF77AF87B6889
:104AE000B3F1FF3F24D13B68002B21D0284B5B68FA
:104AF0003B61264B1B683A699A60244B1B683A69F4
:104B00009268DA60214B1A683B699B6804325A60EC
:104B10001E4B1B681A1D3B699A601C4B1B681C4A84
:104B20005A611B4B1B680133194A136000BF22E016
:104B3000FA697B681344FB60144B1B68FA685A607F
:104B4000FA68FB699A4207D2104B1B680433194676
:104B50007869FEF705F80EE00C4B1B680433194624
:104B6000B869FDF7FDFF0B4B1B68FA689A4202D249
:104B7000084AFB68136000BF2037BD4680BD00BFF8
:104B8000CC0C0020680C00206C0C0020A00B002036
:104B9000AC0C0020E80C002080B485B000AFF860B9
:104BA000B9607A60FB68074A1A60BB68064A1A60F7
:104BB0007B6880221A6000BF1437BD465DF8047B15
:104BC000704700BFF40C0020480D002080B485B071
:104BD00000AFF860B9607A60FB68074A1A60BB688A
:104BE000064A1A607B6880221A6000BF1437BD46EF
:104BF0005DF8047B704700BF480F00209C0F002029
:104C000080B588B004AF0023FB6000F059FA154B63
:104C10001B68002B20D00023BB6000237B603A463A
:104C2000391D07F108031846FFF7D0FF39687B6884
:104C3000BA68029201930423009300230A460A49AA
:104C40000A48FEF739FD0346094A1360084B1B6802
:104C5000002B01D00123FB60FB6818461037BD46CE
:104C600080BD00BFDC11002058A10008194D0008CC
:104C7000E011002080B584B000AFF860B9607A60C0
:104C800008E0FB689B69BA681344BB60FB681B6A59
:104C9000F8689847FB689A69BB68D118BB687A685E
:104CA000F86800F0DDF80346002BEAD100BF00BF32
:104CB0001037BD4680BD000080B584B000AF78607D
:104CC0003960144B1B68DB68DB68FB60FB680433EE
:104CD0001846FDF77EFFFB6893F8243003F00403C9
:104CE000002B05D03A687968F868FFF7C3FF08E041
:104CF000FB6893F8243023F00103DAB2FB6883F8F1
:104D00002420FB681B6AF868984700BF1037BD462F
:104D100080BD00BFD411002080B584B000AF7860A2
:104D200007F10803184600F057F8F860BB68194609
:104D3000F86800F003F800F0D5F8F1E780B584B02A
:104D400000AF78603960FEF711FF07F108031846DD
:104D500000F066F8F860BB68002B30D13B68002B90
:104D60000AD17A68FB689A4206D8FEF70DFFF96807
:104D70007868FFF7A1FF24E03B68002B08D0134BB5
:104D80001B681B68002B01D1012300E000233B605E
:104D90000F4B18687A68FB68D31A3A681946FEF711
:104DA000E4FBFEF7F1FE0346002B0AD1094B4FF05E
:104DB00080521A60BFF34F8FBFF36F8F01E0FEF791
:104DC000E3FE00BF1037BD4680BD00BFD8110020F4
:104DD000DC11002004ED00E080B485B000AF786005
:104DE0000E4B1B681B68002B01D1012200E0002242
:104DF0007B681A607B681B68002B05D1074B1B681A
:104E0000DB681B68FB6001E00023FB60FB68184661
:104E10001437BD465DF8047B704700BFD4110020F5
:104E200080B584B000AF7860FEF7A8FFF8600B4B48
:104E30001B68FA689A4205D200F01CF97B680122CF
:104E40001A6002E07B6800221A60044AFB68136063
:104E5000FB6818461037BD4680BD00BFE411002036
:104E600080B586B000AFF860B9607A603B6000231F
:104E70007B61FB68BA685A60FB68FA681A61BA68B5
:104E80007B689A4212D87A683B68D21AFB689B69A1
:104E90009A4202D301237B611BE0104B1A68FB6826
:104EA000043319461046FDF75BFE12E07A683B6852
:104EB0009A4206D2BA683B689A4202D301237B61C8
:104EC00007E0074B1A68FB68043319461046FDF7E4
:104ED00047FE7B6918461837BD4680BDD8110020B3
:104EE000D411002080B588B000AF3B1D00221A60AD
:104EF0005A609A60DA60ABE07B68002B0ADA3B1DEF
:104F00000433FB61FB691B68FA695068FA699268AF
:104F1000114698477B68002BC0F29A80FB68BB6102
:104F2000BB69002B00F09480BB695B69002B04D047
:104F3000BB6904331846FDF74CFE3B461846FFF7A5
:104F40006FFF78617B68013B082B7ED801A252F885
:104F500023F000BF794F0008794F0008E14F0008A7
:104F6000F54F000821500008794F0008794F0008DC
:104F7000E14F0008F54F0008BB6993F8243043F077
:104F80000103DAB2BB6983F82420BA68BB699B6964
:104F9000D118BB687A69B869FFF762FF0346002B36
:104FA00055D0BB6993F8243003F00403002B09D0DB
:104FB000BA68BB699B6913447A691946B869FFF7F7
:104FC00059FE08E0BB6993F8243023F00103DAB2FC
:104FD000BB6983F82420BB691B6AB869984736E02F
:104FE000BB6993F8243023F00103DAB2BB6983F87C
:104FF00024202DE0BB6993F8243043F00103DAB29A
:10500000BB6983F82420BA68BB699A61BB699A6955
:105010007B69D1187B697A69B869FFF721FF17E0CE
:10502000BB6993F8243003F00203002B03D1B86965
:1050300000F08AFA0CE0BB6993F8243023F00103F6
:10504000DAB2BB6983F8242002E000BF00E000BFB1
:10505000074B1B68391D00221846FDF7E7FF034682
:10506000002B7FF449AF00BF00BF2037BD4680BD95
:10507000DC11002080B582B000AF09E00E4B1B6848
:10508000DB681B683B604FF0FF313868FFF714FEA8
:10509000094B1B681B68002BF0D1074B1B687B601A
:1050A000064B1B68044A1360044A7B68136000BF08
:1050B0000837BD4680BD00BFD4110020D8110020A4
:1050C00080B582B002AF00F0DDF8104B1B68002BFA
:1050D00016D10F48FDF711FD0E48FDF70EFD0E4BE2
:1050E0000B4A1A600D4B0B4A1A60002300930C4BBD
:1050F0000C4A10210A20FDF70BFE0346034A1360F9
:1051000000F0DAF800BFBD4680BD00BFDC11002012
:105110009C110020B8110020D4110020D8110020CB
:1051200088120020E811002080B485B000AFF8603C
:10513000B9607A60FB68043BFB60FB684FF08072EB
:105140001A60FB68043BFB60BB6823F00102FB684C
:105150001A60FB68043BFB600C4AFB681A60FB6842
:10516000143BFB607A68FB681A60FB68043BFB60D9
:10517000FB686FF002021A60FB68203BFB60FB6873
:1051800018461437BD465DF8047B704791510008FE
:1051900080B483B000AF00233B604FF0500383F333
:1051A0001188BFF36F8FBFF34F8F7B6000BF00BFCD
:1051B0003B68002BFCD000BF00BF0C37BD465DF83C
:1051C000047B7047064B19680868B0E8F04F80F31D
:1051D0000988BFF36F8F4FF0000080F3118870478C
:1051E000A00B002000BF00BF08480068006880F3E3
:1051F00008884FF0000080F3148862B661B6BFF3F0
:105200004F8FBFF36F8F00DF00BF000008ED00E09D
:1052100000BF00BF80B582B000AF154B1B687B603C
:10522000144B1B68134A43F47F031360114B1B6834
:10523000104A43F07F4313600F4B00221A6000F0C6
:10524000A9F80E4B00221A6000F0C0F80C4B1B6846
:105250000B4A43F040431360FFF7C6FFFEF7B4FE6E
:10526000FFF796FF002318460837BD4680BD00BFF4
:1052700008ED00E020ED00E01CED00E0000400205F
:1052800034EF00E080B483B000AF4FF0500383F3FD
:105290001188BFF36F8FBFF34F8F7B6000BF054B4B
:1052A0001B680133034A136000BF0C37BD465DF82D
:1052B000047B70470004002080B483B000AF0A4B29
:1052C0001B68013B084A1360074B1B68002B05D184
:1052D00000237B607B6883F3118800BF00BF0C371D
:1052E000BD465DF8047B704700040020EFF30980A1
:1052F000BFF36F8F144B1A681EF0100F08BF20ED1C
:10530000108A20E9F04F10602DE909004FF050009D
:1053100080F31188BFF34F8FBFF36F8FFEF754FEFA
:105320004FF0000080F3118809BC19680868B0E8E4
:10533000F04F1EF0100F08BFB0EC108A80F3098800
:10534000BFF36F8F70470000A00B002000BF00BFAD
:1053500080B582B000AF4FF0500383F31188BFF3E4
:105360006F8FBFF34F8F7B6000BFFEF723FD0346B7
:10537000002B03D0064B4FF080521A6000233B6095
:105380003B6883F3118800BF00BF0837BD4680BD6E
:1053900004ED00E080B400AF084B00221A60084B17
:1053A00000221A60074B084A1A60044B07221A6051
:1053B00000BFBD465DF8047B704700BF10E000E011
:1053C00018E000E014E000E03F900200DFF80C007D
:1053D000016841F4700101607047000088ED00E051
:1053E00000BF00BF80B588B000AF786000237B614C
:1053F00000233B617B68002B22D00823DB437A68C3
:105400009A421BD808227B6813447B607B6803F0B8
:105410000703002B14D07B6803F00703C3F10803D4
:10542000FB60FB68DB437A689A4204D87A68FB68C1
:1054300013447B6004E000237B6001E000237B6079
:10544000FEF794FB3B4B1B68002B01D100F0B6F834
:105450007B68002B67DB7B68002B64D0364B1B68B6
:105460007A689A425FD8354BBB61344B1B68FB614D
:1054700004E0FB69BB61FB691B68FB61FB695B685E
:105480007A689A4203D9FB691B68002BF1D1294B3A
:105490001B68FA699A4246D0BB691B68082213440C
:1054A0007B61FB691A68BB691A60FB695A687B6893
:1054B000D21A08235B009A4213D9FA697B68134415
:1054C000BB60FB695A687B68D21ABB685A60FB698B
:1054D0007A685A60BB691A68BB681A60BB69BA68A7
:1054E0001A60154B1A68FB695B68D31A124A13607D
:1054F000114B1A68124B1B689A4203D20E4B1B6861
:105500000F4A1360FB695B683B61FB695B6843F0B2
:105510000042FB695A60FB6900221A60094B1B6854
:105520000133084A1360FEF72FFB7B6918462037CA
:10553000BD4680BDEC920020F0920020E492002055
:10554000F4920020F892002080B584B000AF78601B
:105550007B68FB607B68002B27D008235B42FA68DE
:105560001344FB60FB68BB60BB685B68002B1CDA04
:10557000BB681B68002B18D1BB685B6823F0004236
:10558000BB685A60FEF7F2FABB685A68094B1B68A1
:105590001344084A1360B86800F06AF8064B1B68A9
:1055A0000133054A1360FEF7EFFA00BF1037BD461E
:1055B00080BD00BFF0920020FC92002080B485B036
:1055C00000AF4FF40043BB60244BFB60FB6803F06B
:1055D0000703002B0CD0FB680733FB60FB6823F04C
:1055E0000703FB60BA68FB68D31A1C4A1344BB600C
:1055F000FB681B4A13601A4B00225A60FA68BB68AA
:1056000013447B6008227B689B1A7B607B6823F0D5
:1056100007037B607B68134A1360124B1B680022F0
:105620005A60104B1B6800221A60FB683B603B68A5
:105630007A68D21A3B685A600A4B1A683B681A604B
:105640003B685B68084A13603B685B68074A136005
:1056500000BF1437BD465DF8047B7047E41200209C
:10566000E4920020EC920020F4920020F0920020BE
:1056700080B485B000AF7860284BFB6002E0FB6827
:105680001B68FB60FB681B687A689A42F7D8FB6866
:10569000BB60FB685B68BA6813447A689A4208D1B9
:1056A000FB685A687B685B681A44FB685A60FB6851
:1056B0007B607B68BB607B685B68BA681A44FB6888
:1056C0001B689A4218D1FB681A68154B1B689A42EE
:1056D0000DD07B685A68FB681B685B681A447B685E
:1056E0005A60FB681B681A687B681A6008E00C4BFC
:1056F0001A687B681A6003E0FB681A687B681A60A6
:10570000FA687B689A4202D0FB687A681A6000BF28
:105710001437BD465DF8047B704700BFE49200205B
:10572000EC9200200D488546FBF7ECFC0C480D4937
:105730000D4A002302E0D458C4500433C4188C42EC
:10574000F9D30A4A0A4C002301E013600432A24252
:10575000FBD300F0BDF9FBF76DFFFEE70000022070
:1057600000040020D80A002008A50008D80A00205C
:105770000C960020FEE70000002310B50446C0E9A7
:105780000033C0E90433836081814366C281836151
:10579000194608225C3000F031F90D4B23620D4BA5
:1057A00063620D4BA3620D4BE3620D4BE4619C42BF
:1057B00006D003F16802944202D0D0339C4205D156
:1057C00004F15800BDE8104000F0A6B910BD00BFBC
:1057D000FD5800081F590008575900087B59000858
:1057E00000930020024A0349034800F069B800BF53
:1057F00004040020137600081804002041680C4BB4
:10580000994210B5044601D001F003FFA168094B8D
:10581000994202D0204601F0FCFEE168064B994215
:1058200004D02046BDE8104001F0F3BE10BD00BF1B
:105830000093002068930020D093002010B50B4BFC
:105840000B4C0C4A1A60204600220421FFF794FFFB
:1058500004F1680001220921FFF78EFF04F1D00056
:105860000222BDE810401221FFF786BF38940020C5
:1058700000930020E5570008014800F04FB900BF31
:1058800042940020014800F04AB900BF4294002031
:1058900010B50446FFF7F0FF636B1BB1BDE8104085
:1058A000FFF7F0BF044B6363044B1B68002BF5D17B
:1058B000FFF7C4FFF2E700BFFD570008389400204F
:1058C0002DE9F8430746884614460026D4E9019599
:1058D000B9F1010905D52468002CF7D13046BDE89F
:1058E000F883AB89012B07D9B5F90E30013303D00A
:1058F00029463846C04706436835E9E710B50C46E7
:10590000B1F90E1000F0BAF80028ABBF236DA389DF
:105910001B1823F48053ACBF2365A38110BD2DE970
:10592000F0411F468B89DB0505460C46164605D51A
:10593000B1F90E100223002200F08EF8A389B4F909
:105940000E1023F48053A38132463B462846BDE81F
:10595000F04100F0A5B810B50C46B1F90E1000F0FA
:105960007BF8431CA38915BF206523F4805343F4BF
:105970008053A38118BFA38110BDB1F90E1000F0B0
:105980005BB830B51446002C9BB005461A4605DAC4
:105990008B2303604FF0FF301BB030BD4FF4027318
:1059A000ADF80C304FF00003199314BF04F1FF332E
:1059B0002346029305934FF6FF7300910491ADF8CF
:1059C0000E3069461E9B00F027FC431CBCBF8B2396
:1059D0002B60002CE0D0009B00221A70DCE7000056
:1059E00007B5009313460A46014603480068FFF7CF
:1059F000C8FF03B05DF804FB100400200244034616
:105A0000934200D1704703F8011BF9E70A7870B59B
:105A10006AB970BD9A4209D10C46054614F8013F97
:105A2000002BF6D015F8016F9E42F7D001300378B5
:105A3000002BEFD11846ECE738B5064D002304469D
:105A400008462B60FBF7F3FA431C02D12B6803B125
:105A5000236038BD3C94002038B5074D0446084605
:105A6000114600222A601A46FBF708FB431C02D1AC
:105A70002B6803B1236038BD3C94002038B5074D36
:105A800004460846114600222A601A46FBF796FA99
:105A9000431C02D12B6803B1236038BD3C94002025
:105AA00038B5074D04460846114600222A601A46BA
:105AB000FBF7A1FA431C02D12B6803B1236038BD68
:105AC0003C940020014B1868704700BF1004002070
:105AD00070B50D4D0D4C641BA4100026A64209D1D3
:105AE0000B4D0C4C04F0ACFA641BA4100026A6422B
:105AF00005D170BD55F8043B98470136EEE755F8DF
:105B0000043B98470136F2E7FCA40008FCA4000817
:105B1000FCA4000804A50008704770477047704750
:105B20000A44914200F1FF3300D1704710B511F8DB
:105B3000014B03F8014F9142F9D110BD024B13B153
:105B4000024800F005B870470000000069780008BE
:105B5000002301461A46184601F0DABE2DE9F84343
:105B600006460820894601F093FE244F80463046C1
:105B700000F044FBBB685D6825F00305A5F1110446
:105B8000A4EB09044444B4FBF8F4013C08FB04F41E
:105B9000A04505DD304600F037FB0020BDE8F88366
:105BA0000021304601F050FEBB682B449842F1D1F1
:105BB0006142304601F048FE013010D100213046EC
:105BC00001F042FEBA68831A0F2BE3DD0C49096825
:105BD000401A0C4943F0010308605360DAE7BB68E0
:105BE000084A2D1B45F001055D60136830461B1BFC
:105BF000136000F009FB0120D0E700BF640500201E
:105C00005C05002048940020F8B504460F460029A2
:105C100000F0B18000F0F2FA57F8042C564D22F053
:105C20000100A7F1080303EB000CA968DCF804608D
:105C3000614526F0030602F001021BD106443AB981
:105C400057F8082C9B1A1644D3E90212CA609160D7
:105C500046F001025A60AB60484B1B68B34204D85F
:105C6000474B20461968FFF779FF2046BDE8F8400A
:105C700000F0CABACCF80460002A38D157F8081CE2
:105C80005B1A0844996805F10807B94231D0DF680A
:105C9000CF60B9600CEB06014968C9070BD4DCF88A
:105CA000081030443ABB374EB14224D1C5E9043321
:105CB000C3E90211012240F0010159601850002A85
:105CC000D3D1B0F5007F1BD2C20801214009814029
:105CD000686801320143696055F8320005EBC20182
:105CE0000839C3E9020145F83230C360BDE700223C
:105CF000D0E70122CEE7DCF80C60CE60B160DAE7D5
:105D0000B0F5206F4FEA502214D282093832511C6C
:105D100005EBC20655F831108E4225D101209210B4
:105D200000FA02F2686802436A60C3E90216B360CF
:105D3000CB609AE7142A01D85B32E8E7542A02D8EC
:105D4000020B6E32E3E7B2F5AA7F02D8C20B7732BC
:105D5000DDE740F254518A429ABF820C7C327E22A7
:105D6000D5E789688E4204D04A6822F00302824255
:105D7000F7D8CE68D9E7F8BD64050020600500209B
:105D8000789400206C05002001F10B03162B2DE9FF
:105D9000F74F054606D933F0070704D50C232B60CF
:105DA0000024A3E11027B942F8D8284600F026FACB
:105DB000B7F5FC7FAF4E37D207F108023244A2F1AB
:105DC000080154688C424FEAD70302D1D468A2423A
:105DD00010D06368D4E9021223F00303CA6023449D
:105DE00091605A6842F001025A60284600F00CFAAD
:105DF00008347BE1023334699F498C4277D0626872
:105E000022F0030CACEB07000F2848DDE21940F04C
:105E1000010347F001076760C6E90422C2E90211E5
:105E2000536044F80C00E0E77B0A2AD0042B12D818
:105E3000BB0938335A1C06EBC202A2F1080C5468A5
:105E4000644506D0626822F00302D01B0F281CDDD7
:105E5000013B0133CFE7142B01D85B33EAE7542B26
:105E600002D83B0B6E33E5E7B3F5AA7F02D8FB0BF4
:105E70007733DFE740F25452934204D8BB0C7C33B3
:105E8000D8E73F23D6E77E23D4E70028E16804DB88
:105E9000A368D9608B60A318A3E70C46D0E700285D
:105EA000C6E9041107DBA444DCF8043043F0010325
:105EB000CCF8043099E7BCF5007F706880F09580DD
:105EC0004FEADC024FEA5C1E4FF0010C01320CFA83
:105ED0000EFC4CEA0000706056F832C006EBC200BF
:105EE0000838C4E902C046F83240CCF80C4098109B
:105EF000012282407068904226D3104206D123F0DE
:105F000003035200104203F10403FAD006EBC30866
:105F1000C1469E46D9F80C404C4540F0B9800EF180
:105F2000010E1EF0030F09F10809F3D1980740F0A4
:105F3000E380736823EA0203736070685200904242
:105F400002D3002A40F0E580D6F808A0DAF8043041
:105F500023F00309B94504D3A9EB07020F2A00F384
:105F60004181464B1968103139440820019101F0F4
:105F70008FFC434A0199136801331FBF01F1FF31C0
:105F800009184342194080462846019101F05CFC03
:105F9000421C0AEB090B044600F0F7808345019987
:105FA000374A02D9B24540F0F080364B1868A34515
:105FB00000EB010EC3F800E008F1FF3C40F0AB80BD
:105FC0001BEA0C0F40F0A780B268494441F0010180
:105FD00051602D4A1B6811688B4288BF13602B4AA1
:105FE00011688B4288BF1360CFE0BCF5206F4FEA89
:105FF0005C2218D24FEA9C12383202F1010E06EBF5
:10600000C20856F83EE0F0452BD192104FF0010C3B
:106010000CFA02F202437260C4E902E8C8F80840D0
:10602000CEF80C4063E7142A01D85B32E5E7542A26
:1060300003D84FEA1C326E32DFE7B2F5AA7F03D8ED
:106040004FEADC327732D8E740F2545E72459ABFAD
:106050004FEA9C427C327E22CFE7DEF808E0F04532
:1060600005D0DEF8042022F003026245F5D8DEF800
:106070000C80D1E7640500206C0500207894002096
:106080005C05002048940020749400207094002047
:106090006068D4F80CC020F00300A0EB070ABAF146
:1060A0000F0F12DDA368E21947F001076760C3F81C
:1060B0000CC0CCF808304AF00103C6E90422C2E95A
:1060C0000211536044F800A08FE6BAF1000F11DB13
:1060D0002044436843F00103436054F8083F2846D6
:1060E000C3F80CC0CCF8083000F08EF8204603B09E
:1060F000BDE8F08F64460FE758F80809404503F102
:10610000FF333FF413AF18E7043352001042FBD0C3
:10611000FCE67346FAE7106801301BBFA4EB0B0BDB
:106120000BEB0E0214601A6014F0070B1ABFCBF1D0
:10613000080024185846621802EA0C018044A8EBB3
:10614000010808EA0C0841462846019201F07CFB50
:10615000431C019A284B07D1BBF1000F23D0ABF1B0
:10616000080010444FF000081A68B460001B404457
:10617000424440F00100B2451A6060603FF429AF2C
:10618000B9F10F0F12D801236360B3685B6823F085
:106190000303BB42A3EB070201D30F2A22DC2846EC
:1061A00000F032F8FCE51046D846DDE7DAF80420C6
:1061B000A9F10C0929F0070902F0010242EA0902DB
:1061C000CAF8042005210AEB0902B9F10F0FC2E950
:1061D00001117FF6FEAE0AF108012846FFF714FD13
:1061E000054BF6E6B46847F00103274442F001028C
:1061F0006360B7607A60F8E5489400200148FFF7D3
:106200008DBC00BF409400200148FFF788BC00BF50
:1062100040940020000000002DE9F04FD3B09346D9
:1062200006911F46039001F00BFB03681593184677
:10623000FAF7ECFB069B0E909B891A0614D5069B79
:106240001B698BB903984021FFF79EFD069B1860E0
:10625000186130B9039A0C2313604FF0FF33109389
:10626000F5E1069A402353619FED937B0023CDE92E
:1062700027338DED0C7B29AC269404931A93179346
:106280000A931493169310935B461D4613F8012B43
:106290000AB1252AF9D1B5EB0B060DD0289B334462
:1062A0002893279B0133072BC4E900B6279375DC9D
:1062B0000834109B334410932B78002B01F040815D
:1062C00000226B1C8DF87B204FF0FF360F92154695
:1062D00013F8012B07920B93079B203B5A2B00F2DC
:1062E0009D85DFE813F09E009B059B05A6009B059E
:1062F0009B059B0586009B059B05A900B3009B059C
:10630000B000B5009B05D000D300D300D300D3006C
:10631000D300D300D300D300D3009B059B059B057E
:106320009B059B059B059B054A019B0509011B01DC
:106330004A014A014A019B059B059B059B05E60016
:106340009B059B0594049B059B059B05DE049B0513
:10635000FD049B059B0520059B059B059B059B0557
:106360009B059B059B059B054A019B0509011D019A
:106370004A014A014A01EF001D0103019B05FC008F
:106380009B0575049604CC0403019B05DE049C0068
:10639000FF049B059B0565009B059C0006990398DF
:1063A00026AA01F00FF9002840F04C8129AC80E7C3
:1063B000434B1A9315F0200300F0B884073727F0F9
:1063C00007031A46D3F8048052F8087B0892E807BE
:1063D0000AD557EA080307D030238DF87C30079B95
:1063E0008DF87D3045F0020525F48065022300F02C
:1063F0001FBC039801F024FA436816931846FAF775
:1064000005FB1490039801F01BFA83680A93149B10
:106410002BB10A9B1BB11B780BB145F480650B9B1C
:1064200056E79DF87B30002BF9D120238DF87B3087
:10643000F5E745F00105F2E757F8043B0F93002B11
:10644000EDDA5B420F9345F00405E8E72B23EDE717
:106450000B9B13F8012B07922A2A11D157F8046BD2
:106460000B9346EAE676DAE701FB062613F8012BE2
:106470000792079A303A092AF6D946EAE6762AE7D9
:1064800000260A21F5E745F08005C8E700230F93B1
:106490000A22079B0F99303B02FB01330F930B9BA2
:1064A00013F8011B0B93A1F13003092B0791F0D9CD
:1064B00012E745F00805B2E7000000000000000008
:1064C00074A100080B9B1B78682B01BF0B9B013349
:1064D0000B9345F4007518BF45F040059FE70B9BF3
:1064E0001B786C2B05D10B9B01330B9345F02005DA
:1064F00095E745F0100592E73A4652F8043B8DF8CF
:10650000E430002308928DF87B309A4601269946A4
:10651000984609931F460DF1E40BB4E145F01005D0
:10652000AB0614D5073727F007031A46D3F80480C3
:1065300052F8087B0892B8F1000F06DA7F424FF05C
:106540002D0368EB48088DF87B30012373E33A464E
:10655000EF0652F8043B089203D51F464FEAE37852
:10656000E9E7680603D51FB243F3C038E3E7A9059E
:10657000F3D55FB243F3C018DDE7073727F0070311
:10658000B3EC027B8DED0C7B08930C9B18930D9B59
:1065900023F000431993DDE918016E4B4FF0FF32F1
:1065A000FAF716FB00BBDDE918016A4B4FF0FF322A
:1065B000FAF7F0FAC0B9DDE90C0100220023FAF77E
:1065C000DFFA10B12D238DF87B30634A634B0799B6
:1065D00025F080054729CCBF93469B464FF0000A23
:1065E0000326D14600F0E3BFDDE90C23104619462F
:1065F000FAF7EEFA824640B10D9B594A002BBCBF18
:106600002D238DF87B30574BE1E7079B612B22D080
:10661000412B22D158233022632E8DF87C208DF817
:106620007D3045F0020540F381800398711CFFF72F
:10663000ABFB834600287ED1069B069A9B8943F0DC
:1066400040039381069B9B895B063FF506AE10983D
:1066500053B0BDE8F08F7823DDE7721C6DD0079B47
:1066600023F02003472B01D1002E68D045F480731E
:1066700011930D9B002B65DA0C9B12930D9B03F17C
:10668000004313932D231B93079B23F02008B8F19D
:10669000410F40F0D98120A89DED120B01F004F9C3
:1066A00000224FF07F5351EC100BF9F74DFF0246DB
:1066B0000B46CDE9042300220023FAF757FA08B16C
:1066C00001232093284A294B0799612908BF1A46BC
:1066D0000992013E5F46264B0022DDE90401F9F7ED
:1066E00033FF80468946CDE90489FAF787FA804668
:1066F000F9F7C0FE02460B46DDE90401F9F76CFD2F
:106700000B460246CDE90423099B13F8083007F82D
:10671000013B731C2ED00022002306F1FF38FAF74C
:1067200025FAA8B13B46B919302084E14FF0000AA0
:106730000DF1E40B9AE7824698E7062696E7B24603
:10674000012693E79DED0C7B00238DED127B9AE7EC
:106750004646C0E7FFFFEF7F68A1000864A100087C
:1067600070A100086CA1000885A1000874A10008B0
:1067700000003040AA4B0022FAF720FA50B9DDE9B8
:106780000401A74B0022FAF7F1F90028CAD018F04B
:10679000010FC7D0099B2497D97B3020249A531E20
:1067A000249312F8013C8B4200F04081392B0BBF3F
:1067B000099B01339B7ADBB202F8013CA7EB0B0388
:1067C000049307999DF81C20209821F0200141296D
:1067D00008BF0F3200F1FF3306BFD2B20121002102
:1067E000002B2093B8BFC0F101038DF88820B4BFFF
:1067F0002D222B22092B8DF8892040F392810DF157
:1068000097000A270246B3FBF7F607FB1631303133
:1068100002F8011C1946632900F1FF303346F1DC10
:106820003033911E00F8013C0DF189060B460DF145
:1068300097008342C0F070810DF199039B1A814249
:1068400088BF00230DF18A021A4422ABD31A179392
:10685000049B179A012B03EB020601DCE80701D524
:106860000E9B1E4425F480654FF0000845F48073AC
:106870001193CDF8248047461B9B002B40F0A48148
:10688000119D4FF00009B1454B46B8BF33461193F7
:106890009DF87B3013B1119B0133119315F0020366
:1068A0001B931EBF119B0233119315F084031C939D
:1068B00020D10F9B119A9B1A002B1BDDDDE9272CA1
:1068C00058492160102B02F1010204F1080000F385
:1068D000B1820CEB0301072ACDE92721636040F365
:1068E000BE820699039826AA00F06CFE002840F0AC
:1068F000058629AC9DF87B20289B6AB10DF17B02AF
:106900002260012213442893279B62601344072BC3
:10691000279300F3A68208341B9A289B62B11FAA12
:106920002260022213442893279B62600133072BC5
:10693000279300F3A08208341C9B802B20D10F9B4F
:10694000119A9B1A002B1BDDDDE9272C36492160AB
:10695000102B02F1010204F1080000F396820CEB07
:106960000301072ACDE92721636040F3A38206993A
:10697000039826AA00F026FE002840F0BF8529AC27
:10698000A9EB0609B9F1000F1CDDDDE92723264834
:106990002060B9F1100F02F1010204F1080100F3C7
:1069A0008B824B44072ACDE92723C4F8049040F397
:1069B00097820699039826AA00F004FE002840F06A
:1069C0009D8529ACEB05DDF8A09000F18F82279B17
:1069D0000133C4E900B6072B4E442896279300F3F1
:1069E000CA8208346A0700F16B85DDE90F2311992B
:1069F0008A42ACBF9B185B181093289B3BB1069949
:106A0000039826AA00F0DEFD002840F077850023D9
:106A10002793BAF1000F40F08D85089F29ACE0E084
:106A20000000E03FBDA20008ADA2000802F8010C82
:106A3000B4E603F8010BCA1A002AFADA731C01360D
:106A4000B8BF00231F44B9E6B8F1460F05D0B8F12E
:106A5000450F2FD1771C022101E03746032124ABDB
:106A6000019321AB00939DED120B039820AB3A46A6
:106A700001F016F8B8F1470F834630D1EA071BD46E
:106A8000249B209FA3EB0B03B8F1470F04933BD04B
:106A9000B8F1460F7FF495AE05F00103002F43EAED
:106AA000060358DD002B60D00E9BFB181E446623A6
:106AB00007935FE03746CEE700EB0709DDE91201F7
:106AC00000220023FAF752F808B1CDF89090302256
:106AD000249B9945D4D9591C24911A70F8E7B8F130
:106AE000460F00EB0709E9D10378302B09D1DDE926
:106AF000120100220023FAF739F810B9C7F1010793
:106B00002097209B9944D9E7FB1C01DBBE4215DA94
:106B1000079B023B079354E613F8017B06F8017FBD
:106B200087E641B930228DF88A200DF18B0230338F
:106B300002F8013B89E60DF18A02F8E7049BBB42AB
:106B40000DDD049B0E9A002F03EB02060BDCC7F150
:106B500001031E4407E053B10E9B0133A6E7E9078A
:106B60001DD50E9BFE186723A2E73E469FE76623CE
:106B70000793012615F48063099322D04FF0000893
:106B8000002FCDF824807FF777AE0A9B1B78FF2B70
:106B900007D1099B149A434402FB03666CE63E4608
:106BA000E1E7BB42F5DAFF1A0A9B5B7833B1099B38
:106BB000013309930A9B01330A93E6E708F10108C0
:106BC000E3E7DDF8248057E62D238DF87B3057E688
:106BD000AA060AD5109A3B681099D217C3E9001289
:106BE0000437DDF82CB0FFF74FBBEB0603D53B684D
:106BF000109A1A60F4E76E0603D53B68109A1A8063
:106C0000EEE7AD05F3D53B68109A1A70E8E745F05A
:106C1000100515F020031FD0073727F007031A4689
:106C2000D3F8048052F8087B089225F4806500238D
:106C300000228DF87B20002EC0F28D8425F080028A
:106C4000099257EA080240F08B84002E00F0DE80A3
:106C5000012B40F0888483E03A4615F0100852F882
:106C6000047B089201D09846DFE715F0400301D07D
:106C7000BFB2DAE715F40078D7D0FFB2F3E73B46AE
:106C8000782253F8047B089347F63003ADF87C3044
:106C9000944B1A934FF0000845F002050223079227
:106CA000C6E73B46002753F804BB0893BE428DF865
:106CB0007B700FDB324639465846F9F7B1FE824603
:106CC00000283FF48EACA0EB0B06BA46B946B84696
:106CD0000997D8E55846F9F799FEBA46064680E482
:106CE00045F0100515F020030AD0073727F00703F9
:106CF0001A46D3F8048052F8087B0892012397E7DC
:106D00003A4615F0100852F8047B089201D09846D4
:106D1000F4E715F0400301D0BFB2EFE715F40078B7
:106D2000ECD0FFB2F3E7704BFFF743BB3A4615F0E8
:106D3000100852F8047B089202D09846FFF747BB30
:106D400015F0400302D0BFB2FFF741BB15F4007845
:106D50003FF43DABFFB2F0E70A2F78F1000307D212
:106D60003037FFB28DF847710DF2471B00F018BCA9
:106D700000230493099B03F4806352AD11930A220C
:106D8000002338464146F9F761FF049B0133049321
:106D9000119B30328246894605F1FF3B05F8012CF4
:106DA00003B30A9B1A78049B93421BD1FF2B19D083
:106DB0000A2F78F10008C0F0F383149B1699ABEB0F
:106DC000030B1A46584600F028FD0A9B5A783AB140
:106DD00001330A93002304935746C8465D46CEE725
:106DE0000492F9E70A2F78F10008F5D2D8E307F00A
:106DF0000F031A9A3F09D35C0BF8013D47EA087765
:106E00004FEA181857EA0803F1D1C9E31BB9EA079A
:106E100001D53027A6E70DF5A47BC1E3079B002B26
:106E200000F08E838DF8E43000238DF87B300897D6
:106E3000FFF76BBB10216160072A6144CDE9272170
:106E40000ADD069903981D9326AA00F0BBFB0028D3
:106E500040F054831D9B29A8103B04462EE50446B0
:106E600048E50699039826AA00F0ACFB002840F0FC
:106E7000458329AC50E50699039826AA00F0A2FBA9
:106E8000002840F03B8329AC56E510216160072AB9
:106E90006144CDE927210ADD069903981B9326AAB0
:106EA00000F090FB002840F029831B9B29A8103B91
:106EB000044649E5044663E510200344072ACDE96A
:106EC0002723606008DD0699039826AA00F07AFB64
:106ED000002840F0138329A9A9F110090C4654E5B4
:106EE0000C466FE574A1000885A10008079B652B7F
:106EF00040F34582DDE90C0100220023F9F736FE5C
:106F0000002869D0724B2360012363604B442893AF
:106F1000279B0133072B279337DC0834209B049AE7
:106F2000934202DBEF077FF55DAD159B23600E9B5F
:106F30000E9A6360289B13442893279B0133072BE9
:106F400027932CDC0834049B5E1E002E7FF74AAD8D
:106F5000604F4FF01008DDE92732102E03F10103D6
:106F600004F10801276024DC6660072B1644CDE994
:106F7000273640F3A2820699039826AA00F022FB46
:106F8000002840F0BB8229AC2CE50699039826AA7C
:106F900000F018FB002840F0B18229ACBEE706994A
:106FA000039826AA00F00EFB002840F0A78229AC27
:106FB000C9E71032072BCDE92732C4F8048008DD79
:106FC0000699039826AA00F0FDFA002840F0968260
:106FD00029A9103E0C46BEE7209B002B7CDC3C4BD5
:106FE0002360012363604B442893279B0133072BC5
:106FF000279346DC08340499209B289A0B4305F01C
:1070000001010B433FF4EEAC159B23600E9B6360C4
:107010001A44279B28920133072B27933BDC04F16A
:107020000803209E002E1BDA2A4F76421A461024AF
:10703000DDE92710102E01F1010103F108031760AB
:1070400033DC566007290644CDE9271608DD06998A
:10705000039826AA00F0B6FA002840F04F8229AB28
:10706000049A04995A60289AC3F800B00A442892F6
:10707000279A0132072A27923FF77DAF03F10804D0
:10708000B0E40699039826AA00F09CFA002840F084
:10709000358229ACAFE70699039826AA00F092FA48
:1070A000002840F02B8229ABBBE710300729CDE93F
:1070B0002710546008DD0699039826AA00F082FA8A
:1070C000002840F01B8229AB103E1A46B0E700BFF3
:1070D00096A10008ADA20008049BBB42A8BF3B4696
:1070E000002B1E460ADDC4E900B34B442893279BBE
:1070F0000133072B279300F38E800834002EACBF9A
:10710000BE1B3E46002E1CDDDFF84493C4F8009001
:10711000DDE92732102E03F1010304F1080100F329
:1071200084806660072B1644CDE9273640F39080B3
:107130000699039826AA00F045FA002840F0DE815F
:1071400029AC6E055F440CD5099B002B00F38280AF
:10715000B8F1000F00F38180049B5B449F4228BF7D
:107160001F46209B049A934201DBE8070ED5159B2E
:1071700023600E9B0E9A6360289B13442893279BE1
:107180000133072B279300F3E6800834209B049AF1
:10719000A2EB03080BEB0203DB1B9845A8BF984644
:1071A000B8F1000F289B0ADD43442893279B013345
:1071B000072BC4E90078279300F3D7800834209E7A
:1071C000049BB8F1000FA3EB0606A8BFA6EB0806C8
:1071D000002E7FF707AC9E4F4FF01008DDE92732F5
:1071E000102E03F1010304F1080127607FF7BCAE04
:1071F0001032072BCDE92732C4F8048008DD069948
:10720000039826AA00F0DEF9002840F0778129A92A
:10721000103E0C46E2E70699039826AA00F0D2F940
:10722000002840F06B8129AC68E710200244072B4E
:10723000CDE92732606008DD0699039826AA00F0A0
:10724000C1F9002840F05A8129A9103E0C465DE79B
:107250000C4676E7B8F1000F4DDD08F1FF38169BBC
:107260002360149B149A6360289B13442893279BE4
:107270000133072B279345DC0834049B0BEB0309F0
:107280000A9B1B78A9EB07099945A8BF9946B9F154
:10729000000F289B09DD4B442893279B0133072BC4
:1072A000C4E90079279337DC08340A9B1E78B9F1CA
:1072B000000FA8BFA6EB0906002E18DDDDE9273276
:1072C00063482060102E03F1010304F108012DDC56
:1072D0006660072B1644CDE927363ADD06990398F8
:1072E00026AA00F06FF9002840F0088129AC0A9B1B
:1072F0001B781F4428E70A9B013B0A93099B013B2B
:107300000993ACE70699039826AA00F05BF90028D8
:1073100040F0F48029ACB0E70699039826AA00F063
:1073200051F9002840F0EA8029ACBEE71020024461
:10733000072BCDE92732606008DD0699039826AA5D
:1073400000F040F9002840F0D98029A9103E0C46F1
:10735000B4E70C46CBE70699039826AA00F032F969
:10736000002840F0CB8029AC10E70699039826AAA4
:1073700000F028F9002840F0C18029AC1FE70499EB
:10738000279A012909F1010302F1010204F108061B
:1073900002DCE90740F186800121072ACDE9272395
:1073A000C4F800B0616008DD0699039826AA00F0D1
:1073B00009F9002840F0A28029AE159B33600E9B8E
:1073C0000E9A7360289B13442893279B0133072B45
:1073D000279333DC0836049BDDE90C015C1E002298
:1073E0000023DDE92787F9F7C1FB002832D10BF133
:1073F0000102C6E90024049A08F10103013F174481
:10740000072BCDE9273756DD0699039826AA00F009
:10741000D9F8002872D129AE22AB3360179B179A96
:107420007360289B13442893279B0133072B2793D2
:107430003FF7A1AD06F10804FFF7D4BA0699039807
:1074400026AA00F0BFF8002858D129AEC3E700BF34
:10745000ADA20008049B012BDEDD584F4FF0100851
:10746000DDE92732102C03F1010306F10801376032
:1074700007DC7460072B1444CDE92734C4DC0E46C6
:10748000CAE71032072BCDE92732C6F8048006DDA3
:107490000699039826AA00F095F878BB29A9103C14
:1074A0000E46DDE70121072ACDE92723C4F800B005
:1074B0006160B1DDA8E70836AEE70C46FFF792BA87
:1074C0000F9B119A9D1A002D7FF78FAA3C4E102713
:1074D000DDE92732102D03F10103266018DC656019
:1074E000072B1544CDE927357FF77FAA0699039826
:1074F00026AA00F067F800283FF477AABAF1000F37
:107500003FF4A0A803985146FEF77EFBFFF79AB818
:107510001032072BCDE92732676002DC0834103DBA
:10752000D6E70699039826AA00F04CF80028E5D182
:1075300029ACF4E703985146FEF766FBFFF76DBAF6
:10754000289B002B3FF47EA80699039826AA00F0FA
:1075500039F8FFF777B857EA080209953FF478AB96
:10756000012B3FF4F9AB022B0DF5A47B3FF43FACAC
:1075700007F00703FF0847EA48774FEAD808303397
:1075800057EA08015A460BF8013DF1D10999C9079C
:1075900006D5302B04D030230BF8013CA2F1020BAE
:1075A00052AB099DB1464FF0000AA3EB0B06D04643
:1075B000CDF824A05746FFF766B900BFADA200087A
:1075C000BDA200082DE9F041156806460F46144695
:1075D000A36808352BB900200023C4E90133BDE8B6
:1075E000F08163685A1E002B6260F4DD55F8048C4C
:1075F000B8F1000FECD0434655F8082C3946304618
:1076000001F030FB431CE7D0A268A2EB0802A260A5
:10761000DEE770B505460C46B9B118B1436B0BB93E
:10762000FEF736F9626EB4F90C30D60704D498052B
:107630000ED4A06DFEF772FAB4F90C3043B9636E44
:10764000D90702D4A06DFEF76AFA0026304670BD55
:107650002146284600F034F8E36A064633B1E16972
:10766000284698470028B8BF4FF0FF36A3891A066E
:1076700003D521692846FEF7C7FA216B41B104F111
:107680004003994202D02846FEF7BEFA0023236346
:10769000616C21B12846FEF7B7FA00236364FEF758
:1076A000EBF80023A381636EDB0702D4A06DFEF725
:1076B00036FAA06DFEF731FAFEF7E4F8C6E70000EF
:1076C0002DE9F0410546B1F90C0006070C4657D4E8
:1076D00040F400638B814B68002B02DCCB6B002BEA
:1076E0004CDDA66A002E49D0002310F480522F688A
:1076F000E1692B6034D0226DA389590705D56368F1
:10770000D21A236B0BB1E36BD21A0023A66AE1698C
:107710002846B047431C06D12A681D2A48D82B4B5F
:10772000D340DE0744D5B4F90C3023F40062A281C3
:1077300000226260D9042269226004D5421C01D172
:107740002B6803B92065216B2F60B9B104F14003A8
:10775000994202D02846FEF757FA002323630DE032
:1077600001232846B0470246501CC5D12B68002B88
:10777000C2D01D2B01D0162B1AD12F6000201EE085
:107780000F69002FFAD083070E6808BF4B690F609E
:1077900018BF0023A6EB07088B60B8F1000FEDDDE2
:1077A000E169666A43463A462846B047002808DC45
:1077B000B4F90C3043F04003A3814FF0FF30BDE833
:1077C000F0810744A8EB0008E7E700BF0100402074
:1077D00038B50C46054618B1436B0BB9FEF758F89F
:1077E000B4F90C00B8B1636EDB0704D4810502D490
:1077F000A06DFEF793F928462146FFF761FF636EFF
:10780000DA07054605D4A3899B0502D4A06DFEF7CF
:1078100086F9284638BD0546FBE710B50139034611
:1078200032B111F8014F03F8014B013A002CF7D1A6
:107830001A440021934200D110BD03F8011BF9E75F
:10784000004870475C0A002038B5064D0023044606
:1078500008462B60F9F720FC431C02D12B6803B1CA
:10786000236038BD3C94002038B5074D074C641B9D
:10787000A4101CB9BDE8384002F0E8BB013C55F843
:1078800024309847F5E700BF04A5000808A50008C4
:10789000082808B506D0FEF715F9162303604FF047
:1078A000FF3008BD8020FCE770B5002155EC104B7F
:1078B0000160144925F000438B4206462A461ED833
:1078C000214619431BD01049294061B90F4B0022B2
:1078D00020462946F8F738FE0A4621F000436FF0AB
:1078E00035010446316031681B15A3F2FE336FF396
:1078F0001E52194442F07F55316045F4001545ECA5
:10790000104B70BDFFFFEF7F0000F07F0000504381
:107910002DE9F047DFF874A00646DAF80000984633
:107920000F469146FEF7FAF8164B1C680CB9164C38
:107930001C606568DAF800001F2D05DDFEF7EFF822
:107940004FF0FF30BDE8F0879EB104EB85010122C6
:10795000C1F88890D4F88831AA401343C4F888311C
:10796000022EC1F8088102BFD4F88C311343C4F849
:107970008C316B1C0235636044F82570FEF7CFF83C
:107980000020DFE7449400207C940020580500206C
:107990002DE9F74F03690C69A34207467EDB013CE2
:1079A00001F11408A30000F11405009305EB840312
:1079B000019358F8243055F8242001339A4208EBFB
:1079C0008409B2FBF3F62ED34FF0000AC446AE464C
:1079D000D3465CF8043B98B206FB00A0020C1B0CDB
:1079E00006FB0323DEF8002080B292B2121A5A443A
:1079F000DEF800004FEA134A9BB2C3EB224303EBCD
:107A0000104392B242EA0342E1454EF8042B4FEA9A
:107A1000234BDED2009BEB582BB9019B043B9D42CC
:107A20001A462FD33C61384601F014F8002825DBB4
:107A30002946002058F8042BD1F800C01FFA82FE16
:107A40001FFA8CF3A3EB0E030344120CC2EB234288
:107A500002EB1C429BB243EA0243C14541F8043B9E
:107A60004FEA2240E6D255F8242005EB840322B9E0
:107A7000043B9D421A460BD33C610136304603B0AD
:107A8000BDE8F08F1268043B002ACBD1013CC6E769
:107A90001268043B002AEFD1013CEAE70020EEE740
:107AA0002DE9F04F97B08DED040B0791816B209E6F
:107AB0000C9255EC104B8146119349B1C26B4A6050
:107AC000012393408B6000F0C6FD0023C9F83830D5
:107AD0002B1EB9BF23F00043059300233360059F9D
:107AE000994BBCBF01223260BB4314D1119A42F2C0
:107AF0000F731360C7F31303234300F05785219BD3
:107B0000DFF85CA21BB10AF10303219A136050460F
:107B100017B0BDE8F08F9DED047B002251EC170BF0
:107B200000238DED0A7BF9F721F8804650B1119AB8
:107B300001231360219B13B1219A844B1360DFF85A
:107B400024A2E4E79DED0A0B14AA15A9484601F00A
:107B500031F8C7F30A560290002E78D00B9BCDF86F
:107B60004880C3F31303DDE90A0143F07F5343F474
:107B70004013A6F2FF3619460022754BF8F72CFB8E
:107B80006BA3D3E90023F8F7DFFC6BA3D3E9002351
:107B9000F8F724FB044630460D46F8F76BFC68A363
:107BA000D3E90023F8F7D0FC02460B4620462946CD
:107BB000F8F714FB04460D46F9F720F800220746B3
:107BC000002320462946F8F7DBFF40B13846F8F796
:107BD00051FC22462B46F8F7C9FF00B9013F162F8A
:107BE00052D85C4B03EBC703D3E90023DDE90A015C
:107BF000F8F7C6FF002849D0013F00231093149BDB
:107C00009B1B5A1E45BFC3F10103009300230023B1
:107C1000069254BF00930693002F39DB069B0D9705
:107C20003B44069300230893079B092B64D8052B3C
:107C3000C4BF043B0793079BA3F10203CCBF0024FE
:107C40000124032B64D8DFE803F05355372BDDE91B
:107C500014631E4406F23243202BC1BFC3F140031C
:107C60009F4006F2124324FA03F3D6BFC3F1200368
:107C700047EA030004FA03F0F8F7ECFB0122A1F154
:107C8000F873013E129276E70123B7E71090B6E74A
:107C9000009BDB1B00937B42089300230D93C3E7FB
:107CA000012309930C9B07EB030B0BF10103012B41
:107CB0000393B8BF012306E0012309930C9B002B1B
:107CC00029DD9B4603930021042202F1140098420F
:107CD00029D9C9F83C10484600F098FC8246002893
:107CE00042D11D4B024640F2AF111C4801F030F862
:107CF0000023E2E70023D4E701240023079309943B
:107D00004FF0FF3B0022CDF80CB012230C92DAE7C3
:107D100001230993F4E74FF0010BCDF80CB05B465B
:107D2000CDF830B0CFE701315200CEE7AFF300809D
:107D300061436F63A787D23FB3C8608B288AC63F71
:107D4000FB799F501344D33F0000F07F97A10008B8
:107D50000000F83F08A30008A5A10008B6A100088C
:107D6000A1A1000896A10008039BC9F838000E2BBA
:107D700000F2A180002C00F09E80002F33DD9C4B90
:107D800007F00F0203EBC20393ED007BF8058DEDC6
:107D90000E7B4FEA271416D5964BDDE90A01D3E98D
:107DA0000823F8F7FBFCCDE9040104F00F040326D7
:107DB000904D54B9DDE90E23DDE90401F8F7EEFC3E
:107DC000CDE9040128E00226F2E7E10708D5DDE964
:107DD0000E01D5E90023F8F7B7FBCDE90E01013616
:107DE00064100835E5E700F0AF807C42804B814DA0
:107DF00004F00F0203EBC203D3E90023DDE90A011B
:107E0000F8F7A2FBCDE90401241100230226002C7F
:107E100040F08F80002BD3D1109BDDE90445002B6F
:107E200000F09480744B002220462946F8F7A8FE03
:107E3000002800F08B80039B002B00F08780BBF1B3
:107E4000000F34DD20466D4B00222946F8F77CFBFD
:107E5000CDE9040107F1FF3801365C463046F8F7FA
:107E600009FBDDE90423F8F76FFB654B0022F8F707
:107E7000B5F90546A1F15076002C6AD1DDE904017F
:107E8000604B0022F8F7A8F902460B46CDE904231F
:107E90002A463346F8F792FE002840F09782DDE943
:107EA00004012A4606F10043F8F76AFE38BBDDE913
:107EB0000A34CDE90434159B002BC0F256810E2FF5
:107EC00000F353814A4B03EBC70393ED007B0C9BFC
:107ED000002B8DED007B80F2E480039B002B00F3F0
:107EE000E0800CD1474B002251EC170BF8F72CFB2C
:107EF000DDE90423F8F758FE002800F0658200242D
:107F000025460C9B56466FEA030800272146484643
:107F100000F0A1FB002D00F0BC802FB1AF4203D0D8
:107F20003946484600F097FB2946484600F093FB47
:107F3000AFE0E20705D5D5E90023F8F705FB0136E8
:107F400001236410083562E7022665E7039CB84602
:107F500084E7274B099903EBC40353E902235444F4
:107F6000002953D028490020F8F718FC33462A4648
:107F7000F8F732F9CDE90E015646DDE90401F8F7CC
:107F80003DFE0546F8F776FA02460B46DDE90401A8
:107F9000F8F722F9303502460B46CDE9042306F8FE
:107FA000015BDDE90E23F8F7EBFD002871D1DDE977
:107FB000042311490020F8F70FF9DDE90E23F8F743
:107FC000DFFD002840F0B380A6423FF470AFDDE94A
:107FD0000E010A4B0022F8F7B7FA084BCDE90E0163
:107FE0000022DDE90401F8F7AFFACDE90401C4E7A6
:107FF00008A30008E0A200080000F03F00002440B1
:1080000000001C40000014400000E03F31462846BC
:10801000F8F79AFACDE90E0113945646DDE904010A
:10802000F8F7ECFD0546F8F725FA02460B46DDE9C0
:108030000401F8F7D1F8303506F8015B02460B462B
:10804000A642CDE904234FF0000224D1AF4BDDE975
:108050000E01F8F7C3F802460B46DDE90401F8F714
:10806000ADFD002863D1DDE90E23A8490020F8F713
:10807000B3F802460B46DDE90401F8F781FD00285C
:108080003FF415AF139E731E139316F8013C302B6B
:10809000F8D047463BE09E4BF8F756FACDE904018D
:1080A000BCE7DDE904455646DDE9002320462946C4
:1080B000F8F774FBF8F7A2FD8046F8F7DBF9DDE985
:1080C0000023F8F741FA02460B462046294608F1FC
:1080D0003004F8F781F806F8014B039DA6EB0A047B
:1080E000A54202460B4633D1F8F778F8DDE90023C4
:1080F00004460D46F8F762FDC0B9DDE900232046CD
:108100002946F8F733FD10B118F0010F0ED102998E
:10811000484600F0A0FA00233370119B01371F601E
:10812000219B002B3FF4F3AC1E60F0E4B8463346CD
:108130001E4613F8012D392A06D19A45F8D130226E
:1081400008F101088AF800201A7801321A70A0E7B5
:108150006F4B0022F8F7F8F90022002304460D4681
:10816000F8F704FD00289FD0D1E7099A002A00F013
:10817000EA80079A012A00F3CD80129A002A00F0C3
:10818000C18003F23343089C009E009A1A44009277
:10819000069A01211A444846069200F0F7FA05466D
:1081A00066B1069B002B09DDB342009AA8BF334697
:1081B000D21A0092069AF61AD31A0693089B0BB3AA
:1081C000099B002B00F0C680002C00F0C0802946DF
:1081D0002246484600F092FB029A01460546484670
:1081E00000F0EAFA02998046484600F034FA089B0B
:1081F0001B1B089300F0B180089A4146484600F0E6
:108200007DFB02900121484600F0C0FA0D9B044618
:10821000002B00F0D5811A460146484600F06EFB5F
:10822000079B012B044600F39F80049B002B40F02A
:108230009780059BC3F31303002B40F09380059BAD
:1082400023F000431B0D1B0533B1009B013300934A
:10825000069B01330693012308930D9B002B00F02E
:10826000B581236904EB8303186900F043FAC0F178
:108270002000069B184410F01F0000F08280C0F11F
:108280002003042B73DD009BC0F11C00034400930A
:10829000069B034406440693009B002B05DD0299D0
:1082A0001A46484600F06AFB0290069B002B05DD4B
:1082B00021461A46484600F061FB0446109B002BFD
:1082C00061D00298214600F0C5FB00285BDA00234C
:1082D00002990A22484600F0C7F9099B029007F16B
:1082E000FF38002B00F07481294600230A224846FB
:1082F00000F0BAF9BBF1000F05466FDC079B022BBB
:1083000049DC6BE0149BC3F136033CE70000E03F1F
:1083100000002440039B5C1E089BA34209DB1C1B3E
:10832000039B002BBFF630AF009B039A9E1A0023DD
:108330002BE7089B0D9A0894E31A1A44009E039BAE
:108340000D92002421E7089C009E099D28E7DDF896
:10835000088051E7089A029950E7CDF8088051E764
:10836000002379E7049B77E70023089379E793D00C
:10837000009A1C331A440092069A1A441E4406922C
:108380008AE70346F4E7039B002BB84620DC9B46B4
:10839000079B022B1EDDBBF1000F7FF4B2AD21461F
:1083A0005B460522484600F05FF901460446029804
:1083B00000F050FB00287FF7A4AD5646312306F8A5
:1083C000013B08F10108A0E5039CB8462546F4E707
:1083D000DDF80CB0099B002B00F0FE80002E05DDBF
:1083E00029463246484600F0C9FA0546089B002B4C
:1083F0005BD06968484600F009F9064620B9814B10
:10840000024640F2EF2170E42A690232920005F13F
:108410000C010C30FDF784FB01223146484600F088
:10842000ADFA0AF1010300930AEB0B030893049BD6
:1084300003F001032F4606930546009B0298214650
:1084400003F1FF3BFFF7A4FA0346303303903946AC
:108450000298099300F0FEFA2A4604902146484605
:1084600000F014FBC268099B064602BB0146029855
:1084700000F0F0FA099B0246314648460C920993F7
:1084800000F0E9F8079B0C9A009E42EA0301069B64
:108490001943099B0DD1392B27D0049A002A01DDFD
:1084A000039B31338BF8003030E52846B9E70122D1
:1084B000E2E70499002904DB079801430698014389
:1084C00020D1002AEEDD029900930122484600F0F7
:1084D00055FA2146029000F0BDFA0028009B02DC0C
:1084E000E0D1DA07DED5392BDAD139238BF8003029
:1084F00033461E46013B16F8012C392A4ED0013274
:108500001A7003E5002A03DD392BEED00133C9E7E9
:10851000009A089902F8013C8A4228D00299002367
:108520000A22484600F0A0F8AF4202904FF0000344
:108530004FF00A023946484607D100F095F8074641
:108540000546009B0133009377E700F08DF829463C
:10855000074600230A22484600F086F80546F0E761
:10856000BBF1000FCCBF5E4601265644002702999E
:1085700000930122484600F001FA2146029000F0E3
:1085800069FA0028B4DC02D1009BDB07B0D4334683
:108590001E4613F8012D302AFAD0B7E49A45A8D127
:1085A000312308F101088AF80030AFE4219BDFF89D
:1085B00058A0002B3FF4ABAA0AF10803FFF7A5BAB5
:1085C000079B012B7FF731AE0D9B0893012050E6EE
:1085D000BBF1000F7FF7DCAE564602982146FFF74D
:1085E000D7F900F1300306F8013BA6EB0A029345E8
:1085F000B6DD029900230A22484600F035F80290C1
:10860000EBE700BFA5A1000898A10008436C70B576
:1086100005460C467BB16B6C53F82400A0B90121D0
:1086200001FA04F6721D9200284600F0AFFB48B133
:10863000C0E901460BE02122042100F0A7FB686499
:108640000028E8D1002070BD026843F824200023F0
:10865000C0E90333F7E731B1436C4A6853F82200AD
:10866000086043F8221070472DE9F0410D69074674
:108670000C461E4601F1140C0020DCF8003099B2C3
:1086800002FB01611E0C0B0C02FB063389B20130A8
:1086900001EB034185424CF8041B4FEA1346ECDC26
:1086A0000EB3A368AB4219DC616838460131FFF7AD
:1086B000ADFF804628B902460C4B0D48BA2100F0A8
:1086C00047FB2269023204F10C0192000C30FDF7E5
:1086D00027FA21463846FFF7BEFF444604EB8503E0
:1086E00001355E6125612046BDE8F081A5A1000845
:1086F0000EA20008B0F5803F034636BF03040020F9
:108700001020B3F1807F3CBF1B020830B3F1805FC3
:108710003CBF1B010430B3F1804F3CBF9B000230D3
:10872000002B05DB13F0804F00F1010008BF202073
:1087300070470368024613F007000BD0D90721D415
:10874000980749BF5B089B08012013605CBF13605A
:108750000220704799B209B91B0C1020D9B209B98F
:1087600008301B0A190704BF1B090430990704BF0E
:108770009B080230D90703D45B0800F1010003D045
:1087800013607047002070472020704710B50C46DA
:108790000121FFF73BFF024628B9054B054840F28F
:1087A000451100F0D5FA01234461036110BD00BFFB
:1087B000A5A100080EA200082DE9F04F17460A698E
:1087C0003B699A42A8BF3B468946A4BF0F469946DB
:1087D0003D69D9F810A0BB68796805EB0A06B34279
:1087E00085B0B8BF0131FFF711FF30B90246414BE8
:1087F00041484FF4B17100F0ABFA00F1140404EBFE
:10880000860E23460022734520D307F1140809F190
:10881000140108EB850501EB8A030293EB1B153B62
:1088200023F0030304331537BD4238BF04230193FB
:10883000029B03918B420CD8002E03DD5EF8043DB1
:10884000002B55D0066105B0BDE8F08F43F8042B2E
:10885000D9E7B1F800A0BAF1000F1FD0C446A14675
:1088600000275CF8042BD9F800301FFA82FB9BB27A
:108870000AFB0B333B44D9F80070120C3F0C0AFB87
:10888000027202EB13429BB243EA0243654549F888
:10889000043B4FEA1247E4D8019BE750039BB3F82F
:1088A00002900431B9F1000F20D023684746A44656
:1088B0004FF0000AB7F800B0BCF8022009FB0B2209
:1088C00052449BB243EA02434CF8043B57F8043B42
:1088D0004FEA134ABCF8003009FB0A3303EB12439A
:1088E000BD424FEA134AE5D8019AA35004349FE7EA
:1088F000013EA1E7A5A100080EA200082DE9F8435A
:10890000154612F0030207460E4607D01A4C013AEC
:10891000002354F82220FFF7A7FE0646AD1027D00B
:108920003C6C44B940F271213846FFF72FFF002319
:108930003864044603604FF00009EB070AD531465E
:1089400022463846FFF738FF314680463846FFF763
:1089500082FE46466D100BD0206838B9224621466B
:108960003846FFF729FF2060C0F800900446E4E78E
:108970003046BDE8F88300BFD0A200082DE9F047DB
:108980000C464968236903EB6218A36807469146C1
:108990004FEA621A08F10106B3420BDB3846FFF7D3
:1089A00035FE054648B90246284B29484FF4EF7179
:1089B00000F0CEF901315B00EEE7002300F1140175
:1089C00000F110021846534533DB20692AEAEA7A9F
:1089D00004F1140319F01F0901EB8A0103EB800C69
:1089E0002BD0C9F1200E8A460022186800FA09F03F
:1089F00010434AF8040B53F8042B9C4522FA0EF25C
:108A0000F3D8ACEB0403153B23F00303043304F168
:108A10001500604588BF0423CA500AB108F1020658
:108A2000013E38462E612146FFF715FE2846BDE877
:108A3000F08742F8040F0133C5E7043953F8042BDB
:108A400041F8042F9C45F9D8EAE700BFA5A100082A
:108A50000EA200080A6903460069801A30B50ED1DB
:108A60001433143103EB820401EB820154F8045DEA
:108A700051F8042D954203D005D24FF0FF3030BDA0
:108A8000A342F3D3FBE70120F9E700002DE9F74FFC
:108A900089460646114648461446FFF7DBFF051E89
:108AA00012D129463046FFF7B1FD024628B93F4BA7
:108AB00040F237213E4800F04BF90123C0E904356C
:108AC000104603B0BDE8F08FBCBF4B46A146304610
:108AD000D9F80410BABF1C4601250025FFF796FD02
:108AE000024618B9314B40F24521E3E7D9F810703E
:108AF0002669C56009F1100309F1140504F1140E8B
:108B000000F1140B05EB87080EEB86060193D9469E
:108B10004FF0000C019B5EF8040B53F804AF019377
:108B20001FFA8AF3194683B2CB1A000C6344C0EBD8
:108B30001A4000EB23409BB243EA0043764549F8D4
:108B4000043B4FEA204CE5D8331B153B23F00303CD
:108B500015340433A64238BF04231D445B441E462B
:108B60002C4644450ED308F10301491B21F00301B3
:108B7000033DA84538BF00210B4453F8041D91B1B3
:108B800017619DE754F8041BE646080C1CFA81FCAB
:108B9000714400EB2C4089B241EA004146F8041BC5
:108BA0004FEA204CDDE7013FE7E700BFA5A1000841
:108BB0000EA200082DE9F7430F46012159EC108B56
:108BC0001646FFF723FD044630B90246234B2448DE
:108BD00040F20F3100F0BCF8C9F30A55C9F3130392
:108BE0000DB143F480130193B8F1000323D068461C
:108BF0000093FFF79EFDDDE90012D0B1C0F1200324
:108C000002FA03F30B43C24063610192019BA3612B
:108C1000002B0CBF012202222261A5B1A5F233452F
:108C200005443D60C0F135003060204603B0BDE82A
:108C3000F0836161EAE701A8FFF77BFD019B6361B7
:108C400020300122E8E704EB8203A0F232403860D2
:108C50001869FFF74FFDC0EB4210E5E7A5A100083A
:108C60000EA200082DE9F0478E681F46BE420B6831
:108C700082460C4690462DD8B1F90C2012F4906F24
:108C800026D06569096905EB4505A3EB010905EBEC
:108C9000D5757B1C4B446D109D4238BF1D46530556
:108CA00027D52946FDF770F8064660B321694A4684
:108CB000FCF736FFA38923F4906343F08003A3817C
:108CC000266165614E44A5EB09052660A5603E4618
:108CD000BE4200D93E4620683246414600F01DF8AB
:108CE000A3689B1BA3602368334423600020BDE876
:108CF000F0872A4600F092F806460028E0D1216964
:108D00005046FCF781FF0C23CAF80030A38943F0DA
:108D10004003A3814FF0FF30E9E7884210B501EB33
:108D2000020402D98442234607D8431EA14208D038
:108D300011F8012B03F8012FF8E7024401468A429B
:108D400000D110BD13F8014D02F8014DF7E7000006
:108D50001FB514461A46094B1B680546D8684CB126
:108D6000074B0091CDE9013406492B4600F00CFA7F
:108D700001F094F8044B1C46F3E700BF10040020F8
:108D800071A200087EA20008ACA2000838B5A1FBC1
:108D9000021535B9FCF7F8FF044638B9002420461F
:108DA00038BDFCF78FFE0C230360F7E750F8042C66
:108DB00022F00302043A242A19D8132A15D91B2AAF
:108DC000C0E9005506D800F108030022C3E90022DB
:108DD0009A60E4E7242AC0E9025511BF00F11003AC
:108DE000056100F118034561EFE70346EDE7294609
:108DF000FCF704FED3E782B001B901A942B14BB13F
:108E000013780B601278101E18BF012002B0704753
:108E10001046FBE76FF00100F8E700002DE9F74F7F
:108E2000824693460C4629B9114603B0BDE8F04F7F
:108E3000FCF7AABFFDF7E2F90BF10B0854F8045C4C
:108E4000B8F1160FA4F1080925F0030608D938F087
:108E5000070807D50C23CAF800304FF0000B32E0AA
:108E60004FF01008C345F5D8464580F274819E4BFB
:108E7000D3F808C009EB06018C45486805D020F0FE
:108E800001020A445268D70749D420F003008C45F8
:108E900006EB00071BD108F11002BA4241DC09EBD6
:108EA0000802A7EB080747F001079A60576054F8DB
:108EB000043C03F0010343EA080344F8043C504631
:108EC000FDF7A2F9A346584603B0BDE8F08FB845B8
:108ED00027DCD1E90223D3609A60D9F80430A7EBEC
:108EE00008000F2803F0010309EB070240F2358167
:108EF00009EB080148EA030340F00100C9F8043017
:108F00004860536843F00103536008315046FCF752
:108F10007BFE5046FDF778F909F1080BD3E70020F6
:108F20000146EA0700F1C78054F8085CA9EB050583
:108F30006A6822F0030232440192002900F0868020
:108F40008C4500EB020749D108F11002BA427DDCE2
:108F5000AB46EA685BF8081FCA609160321F242A9A
:108F600036D8132A32D92168A9606168E9601B2AC2
:108F70001AD8083405F11002216811606168516047
:108F8000A168916005EB0802A7EB080747F001070D
:108F90009A6057606B6803F0010343EA08036B6053
:108FA0005046FDF731F98EE7A1682961E1686961F2
:108FB000242A01BF2269AA616169E96119BF1034DD
:108FC00005F1180205F120021834D5E75A46D3E717
:108FD00021465846FFF7A1FE434BD3E7B84535DCA1
:108FE000D1E902232846D3609A6050F8082FEB6835
:108FF000D3609A60321F242A24D8132A08D9236800
:10900000AB606368EB601B2A0AD8083405F11000D6
:109010002368036063684360A3688360A9465CE7D4
:10902000A3682B61E3686B61242A01BF2369AB61EC
:109030006369EB6119BF103405F1180005F12000D8
:109040001834E5E72146FFF768FEE7E7019B9845FE
:1090500031DC2846EB6850F8082FD3609A60321F45
:10906000242A24D8132A08D92368AB606368EB60EC
:109070001B2A0AD8083405F11000236803606368CE
:109080004360A3688360019FC8E7A3682B61E3681E
:109090006B61242A01BF2369AB616369EB6119BF6E
:1090A000103405F1180005F120001834E5E72146D9
:1090B000FFF733FEE7E759465046FCF765FE834667
:1090C00018B95046FDF7A0F8C7E654F8043C23F061
:1090D00001034B44A0F10802934207D150F8047CED
:1090E00027F003073744F8E664050020321F242ADE
:1090F0002DD8132A28D923680360636843601B2A8C
:109100000ED804F1080200F10803116819605168D3
:10911000596092689A6021465046FCF775FD3FE71A
:10912000A3688360E368C360242A01BF23690361E5
:109130006169416119BF04F1100200F1100304F1EB
:10914000180200F11803E0E703462246DDE7214656
:10915000FFF7E3FDDFE73746BFE61F43C9F80470BA
:10916000536843F001035360D3E600BF034608464B
:1091700041B1FF2A04D98A221A604FF0FF307047AC
:109180000A700120704700000EB403B5014603AB1E
:10919000054853F8042B0068019300F007F802B06B
:1091A0005DF804EB03B07047100400202DE9F04F88
:1091B000BBB00F4693461C461D46009018B1436B4A
:1091C0000BB9FCF765FB7B6EDA0705D4BB899B0501
:1091D00002D4B86DFCF7A2FCB7F90C309E0406D49B
:1091E0007A6E43F4005322F40052BB817A667B6EA0
:1091F000980408D5D90712D54FF0FF33039303988D
:109200003BB0BDE8F08FBB891A0701D53B696BB94C
:109210000098394600F0ECFD40B17B6EEAE7BB896F
:109220009B05E9D4B86DFCF77AFCE5E7B7F90C309B
:1092300003F01A020A2A14D1B7F90E20002A10DB13
:109240007A6ED60704D49D0502D4B86DFCF767FC8E
:10925000009823465A4639463BB0BDE8F04F00F02F
:109260002DBC0023CDE90F33CDE90533CDE907331C
:1092700011AE0E9603935B461C4613F8012B0AB100
:10928000252AF9D1B4EB0B080DD0109B4344109361
:109290000F9B0133072BC6E900B80F9375DC083626
:1092A000039B434403932378002B00F0C9830023DE
:1092B0004FF0FF32CDE9012301348DF833309A4667
:1092C000A3461BF8013BA3F120025A2A00F21283A5
:1092D000DFE812F09A0010031003A200100310033D
:1092E0001003820010031003A500AF001003AC00B0
:1092F000B1001003CD00D000D000D000D000D000CD
:10930000D000D000D000D0001003100310031003D1
:1093100010031003100310031003F60003011003E1
:1093200010031003100310031003100310031003A5
:10933000100351011003100310039801100377026A
:1093400010031003970210031003100310031003FF
:1093500010031003100310031003F600050110039F
:1093600010031003DF000501F0001003EA001003F2
:10937000310153018801F00010039801980079022F
:109380001003100365001003980000980EAA3946D8
:1093900000F0D4FB002840F0328311AE80E7984AF9
:1093A00005921AF0200200F02E82073525F00705FD
:1093B000A8466D6858F8084B1AF0010F09D054EA16
:1093C00005021FBF30228DF834208DF835304AF069
:1093D000020A2AF4806A11E10098FEF731FA436824
:1093E00008931846F7F712FB07900098FEF728FA43
:1093F00083680693079B2BB1069B1BB11B780BB1AF
:109400004AF4806A5C465BE79DF83330002BF9D163
:1094100020238DF83330F5E74AF0010AF2E755F8DA
:10942000043B0293002BEDDA5B4202934AF0040AFC
:10943000E8E72B23EDE75A4612F8013B2A2B13D11C
:1094400055F8043B43EAE37301939346DAE712F8D5
:10945000013B04FB0101A3F130000928F7D941EADF
:10946000E171019193462EE700210A24F3E74AF0C7
:10947000800AC7E7002202920A21029A303B01FBD0
:10948000023302931BF8013BA3F13002092AF4D9FD
:1094900019E79BF80030682B06BF0BF1010B4AF46B
:1094A000007A4AF0400AADE79BF800306C2B04D1FB
:1094B0000BF1010B4AF0200AA4E74AF0100AA1E7D9
:1094C000A846002458F8043B8DF884308DF83340CA
:1094D000012301930DF18409A9E04AF0100A1AF062
:1094E000200F11D0073525F00705A8466D6858F8FC
:1094F000084B002D06DA64424FF02D0365EB45055D
:109500008DF83330012348E0A8461AF0100F58F8C0
:10951000045B02D02C46ED17EBE71AF0400F03D0A6
:109520002CB245F3C035E4E71AF4007FF2D06CB2F8
:1095300045F3C015DDE71AF0200F07D0039A2B681A
:109540000399D217C3E90012043594E61AF0100FFC
:1095500003D02B68039A1A60F6E71AF0400F03D085
:109560002B68039A1A80EFE71AF4007FF1D02B687A
:10957000039A1A70E8E74AF0100A1AF020031FD085
:10958000073525F00705A8466D6858F8084B2AF4FA
:10959000806A002300228DF83320019A002AC0F24D
:1095A0005C822AF08002049254EA050240F05B8259
:1095B000019A002A00F09581012B40F0578239E191
:1095C000A8461AF0100558F8044B01D01D46DEE7F6
:1095D0001AF0400301D0A4B2D9E71AF40075D6D02E
:1095E000E4B2F3E7A84647F63003ADF8343058F854
:1095F000044B034B059300254AF0020A0223C9E7F6
:1096000074A10008019BA8460025AB4258F8049BB2
:109610008DF83350C0F2D0801A4629464846F7F7F5
:10962000FFF9044618B1A0EB090301932C46019BF6
:10963000A342B8BF234604939DF8333013B1049B73
:10964000013304931AF0020309931EBF049B0233F3
:1096500004931AF084030A931FD1029B049A9D1A63
:10966000002D1ADDA84B3360DDE90F2C102D02F11F
:10967000010206F1080000F34D817560072A654478
:10968000CDE90F2540F3598100980EAA394600F024
:1096900055FA002840F0B38111AE9DF83310DDE992
:1096A0000F3261B10DF133010133316001210A4400
:1096B000072BCDE90F32716000F34181083609991B
:1096C000DDE90F3259B10DA90133316002210A449D
:1096D000072BCDE90F32716000F33A8108360A9BFF
:1096E000802B1FD1029B049A9D1A002D1ADD874BF7
:1096F0003360DDE90F2C102D02F1010206F10800A4
:1097000000F32F817560072A6544CDE90F2540F3EA
:109710003B8100980EAA394600F010FA002840F06C
:109720006E8111AE019BE41A002C1ADDDDE90F32C7
:1097300076483060102C03F1010306F1080100F3B4
:1097400025817460072B1444CDE90F3440F32F8139
:1097500000980EAA394600F0F1F9002840F04F8138
:1097600011AE019B019A7360109BC6F800901344E0
:1097700010930F9B0133072B0F9300F31A8106F10F
:1097800008031AF0040F40F01C81DDE9022304995C
:109790008A42ACBF9B185B180393109B3BB10098A7
:1097A0000EAA394600F0CAF9002840F028810023AB
:1097B0000F93454611AE5EE54846F7F727F901904D
:1097C00034E74AF0100A1AF0200308D0073525F0D4
:1097D0000705A8466D6858F8084B0123DAE6A84645
:1097E0001AF0100558F8044B01D01D46F5E71AF0A1
:1097F000400301D0A4B2F0E71AF40075EDD0E4B252
:10980000F3E7434ACCE5A8461AF0100558F8044B94
:1098100001D01546D0E51AF0400201D0A4B2CBE544
:109820001AF400753FF4C8ADE4B2F2E70A2C75F102
:10983000000306D23034E4B28DF8E7400DF1E709B9
:1098400030E13AAB0993049B03F480634FF0000AC4
:109850000A930A22002320462946F7F7F7F90B91CD
:109860000999303201F8012C0A9A034601F1FF39B7
:109870000AF1010A12B3069A127852451ED1BAF1C2
:10988000FF0F1BD00A2C75F10005C0F00B81079B60
:109890000990A9EB03091A4608994846FDF7BDFF50
:1098A000069B5A78099B12B1069A013206924FF034
:1098B000000A0B9DCDF824901C46CAE70A2C75F1CE
:1098C0000005F6D2EEE004F00F03059A2409D35CFC
:1098D00009F8013D44EA05742D0954EA0503F2D163
:1098E000E0E023B91AF0010F01D03024A4E70DF114
:1098F000E809D7E0002B00F0A38000248DF8843025
:109900008DF83340A846E3E5E1A40008D1A400089F
:1099100085A1000810217160072A6144CDE90F215B
:1099200008DD00980EAA394600F008F9002866D133
:10993000604B11A8103D064695E60646ADE6009838
:109940000EAA394600F0FAF8002858D111AEB6E652
:1099500000980EAA394600F0F1F800284FD111AE58
:10996000BDE610217160072A6144CDE90F2108DDB1
:1099700000980EAA394600F0E1F800283FD14E4B7E
:1099800011A8103D0646B3E60646CBE61020024479
:10999000072BCDE90F32706006DD00980EAA39461C
:1099A00000F0CCF858BB11A9103C0E46BEE60E469E
:1099B000D7E600980EAA394600F0C0F8F8B911AB06
:1099C000DFE6029A0499541A002C7FF7DEAE394D77
:1099D0001026DDE90F21102C02F101021D601DDCB3
:1099E0005C60072A0C44CDE90F247FF7CEAE0098C7
:1099F0000EAA394600F0A2F800283FF4C6AE7B6EEE
:109A0000D90705D4BB899A0502D4B86DFCF787F84D
:109A1000BB895B067FF5F3ABFFF7EEBB1031072A7E
:109A2000CDE90F215E6002DC0833103CD1E70098DD
:109A30000EAA394600F082F80028E0D111ABF4E715
:109A4000109B13B900230F93D9E700980EAA39464B
:109A500000F074F80028F5D0D1E754EA0502CDF8FB
:109A600010A03FF4A9AD012B3FF4E0AE022B0DF1A5
:109A7000E8093FF428AF04F00703E40844EA45741A
:109A8000ED08303354EA05014A4609F8013DF2D1A8
:109A90000499C80706D5302B04D0302309F8013CBF
:109AA000A2F102093AABA3EB0903019CDDF810A077
:109AB0000193BCE5E1A40008D1A40008F0B51F465D
:109AC0008B89ADF26C4D23F00203ADF80C304B6E78
:109AD0001993CB89ADF80E30CB6907934B6A099384
:109AE0001AAB009304934FF4806315460646029325
:109AF000059316A800230C460693FCF70DF82A469A
:109B00003B4669463046FFF751FB051E07DB6946B9
:109B10003046FDF75DFE002818BF4FF0FF35BDF859
:109B20000C3016985B0642BFA38943F04003A38123
:109B3000FBF7F3FF28460DF26C4DF0BD936810B5AE
:109B4000144633B100F008F80023A36000236360DB
:109B500010BD1846FAE7000093682DE9F74F064656
:109B60000C4691461BB9002003B0BDE8F08F8B89ED
:109B7000180750D50B69002B4DD0B4F90C30D9F82B
:109B8000008013F002076BD113F0010300F09C80FA
:109B90003846BA46BB46BBF1000F00F0038150B90E
:109BA0005A460A215046F6F73BFF002800F0008194
:109BB0000130A0EB0A0720682169A56863695F4549
:109BC0003A4628BF5A46884240F2F5801D44AA42D0
:109BD00040F3F18051462A46FFF79FF823682B4453
:109BE000236021463046FDF7F3FD002867D17F1B37
:109BF00040F0F98021463046FDF7EAFD00285ED1AD
:109C0000D9F808305B1BAA44ABEB050BC9F8083048
:109C1000002BC0D1A7E72146304600F0E9F8002824
:109C2000ABD04FF0FF309FE7D8E900A508F1080856
:109C3000D4F824B0E169002DF6D0BD422B4652463F
:109C400028BF3B463046D847002838DDD9F80830D1
:109C50001B1A82442D1AC9F80830002BE8D182E77C
:109C60004FF0000A614F5546E2E7D8E9007A08F163
:109C70000808B4F90C302068A268BAF1000FF4D0DB
:109C8000990563D5524536D813F4906F33D02169C6
:109C90006569A0EB010B05EB450505EBD5750BF1EF
:109CA00001026D105244954238BF15465B053DD503
:109CB00029463046FCF768F848B90C233360A3897D
:109CC00043F04003A381ACE71F469A46D1E75A46CA
:109CD00021690190FBF724FFA289019B22F4906285
:109CE00042F08002A281236165615B44A5EB0B0514
:109CF00023605246A560524528BF52462068019213
:109D00003946FFF70AF8A368019A9B1AA3602368F3
:109D1000134455462360D9F808305B1B2F44AAEB47
:109D2000050AC9F80830002BA3D11CE72A463046A3
:109D3000FFF774F803460028D5D121693046FBF7B8
:109D400063FFA38923F08003A381B6E723698342DD
:109D500002D36169514515D9524528BF524639464B
:109D60001546FEF7DAFFA36822685B1B2A44A3604E
:109D70002260002BCFD121463046FDF729FD002877
:109D8000C9D09CE76FF00043534528BF5346656A2E
:109D900093FBF1F33A464B433046E169A847051E71
:109DA000B9DC8CE7D8E900AB002008F10808F2E63E
:109DB0000BF10107FFE6934208DC656AE169524650
:109DC0003046A847051E3FF712AF78E7514601928B
:109DD000FEF7A3FF019AA3689B1AA36023681344AC
:109DE0002360154603E701200AE700BF00FCFF7F60
:109DF00038B5294B054618680C4618B1436B0BB9AA
:109E0000FBF746FDB4F90C30190722D4DA0607D463
:109E100009222A6043F04003A3814FF0FF3033E072
:109E2000580712D5216B41B104F14003994202D089
:109E30002846FBF7E9FE00232363A38923F02403CC
:109E4000A3810023636023692360A38943F008038F
:109E5000A38123694BB9A38903F42073B3F5007F71
:109E600003D02146284600F048F8B4F90C3013F02E
:109E700001020AD00022A26062695242A2612269F4
:109E800042B913F08000C5D138BD990758BF626947
:109E9000A260F4E70020F7E71004002008B50620D0
:109EA00000F090F80120F7F77FF870B50C46B1F993
:109EB0000E10002996B015461E4607DAA18911F04A
:109EC000800117D14FF4806308460FE06A4600F026
:109ED00081F80028F2DB019901F47041A1F50053EB
:109EE000594259414FF400604FF4806331602B6058
:109EF00016B070BD00214023E6E78B89F7B59D07BA
:109F000006460C4607D504F1430323602361012371
:109F1000636103B0F0BD01AB6A46FFF7C6FF009F67
:109F2000054639463046FBF72FFF48B9B4F90C30E7
:109F30009A05EED423F0030343F00203A381E2E782
:109F4000A389206043F08003A381019BC4E9040737
:109F50005BB1B4F90E10304600F04EF828B1A38979
:109F600023F0030343F00103A381A3891D43A581CB
:109F7000CFE71F2938B505460C4604D916230360E0
:109F80004FF0FF3038BDD0F8382112B152F82130EF
:109F90004BB9284600F052F8224601462846BDE853
:109FA000384000F039B8012B0AD0591C03D11623D0
:109FB00003600120E6E7002142F82410204698477C
:109FC0000020DFE7024B01461868FFF7D2BF00BF51
:109FD0001004002038B5074D0023044608461146FA
:109FE0002B60F7F730F8431C02D12B6803B12360D4
:109FF00038BD00BF3C94002038B5064D0023044610
:10A0000008462B60F7F72FF8431C02D12B6803B1E9
:10A01000236038BD3C94002038B5074D002304462A
:10A02000084611462B60F6F7AFFF431C02D12B68A0
:10A0300003B1236038BD00BF3C940020F6F79CBFFD
:10A04000F8B500BFF8BC08BC9E467047F8B500BF25
:08A05000F8BC08BC9E467047F5
:10A058001B5B303B33316D5B7461736B20335D1B6D
:10A068005B306D3A2074656D703A205B000000002B
:10A07800252E32662C20000008085D0D0A0000001D
:10A088001B5B303B33326D5B7461736B20355D1B3A
:10A098005B306D3A2068656C6C6F20776F726C640A
:10A0A800200D0A001B5B303B33336D5B7461736BAF
:10A0B80020375D1B5B306D20543A205B00000000A8
:10A0C800252E32663B20000008085D2052483A20C1
:10A0D8005B0000001B5B303B33336D5B7461736B5B
:10A0E80020385D1B5B306D20543A205B0000000077
:10A0F8007461736B203100007461736B203200004F
:10A108007461736B5F3300007461736B5F340000BC
:10A118007461736B5F3500007461736B5F380000A6
:10A128007461736B5F3600007461736B5F37000096
:10A138004C4544204F4E00004C4544204F464600B5
:10A148004C4544204F4E200049444C450000000037
:10A15800546D72205376630004000000494E460097
:10A16800696E66004E414E006E616E0030313233CA
:10A1780034353637383961626364656600303132A8
:10A188003334353637383941424344454600300088
:10A19800496E66696E697479004E614E0042616C61
:10A1A8006C6F6320737563636565646564002F6213
:10A1B80075696C642F676E752D746F6F6C732D667F
:10A1C8006F722D73746D33325F31332E332E726597
:10A1D8006C312E32303234303932362D3137313518
:10A1E8002F7372632F6E65776C69622F6E65776C5B
:10A1F80069622F6C6962632F7374646C69622F647F
:10A20800746F612E63002F6275696C642F676E75B9
:10A218002D746F6F6C732D666F722D73746D33327E
:10A228005F31332E332E72656C312E32303234303A
:10A238003932362D313731352F7372632F6E65778A
:10A248006C69622F6E65776C69622F6C6962632F27
:10A258007374646C69622F6D707265632E6300435A
:10A2680000504F534958002E002C2066756E6374B9
:10A27800696F6E3A2000617373657274696F6E203E
:10A2880022257322206661696C65643A2066696CD0
:10A298006520222573222C206C696E652025642593
:10A2A8007325730A00303030303030303030303081
:10A2B8003030303030202020202020202020202046
:10A2C80020202020200000000500000019000000C8
:10A2D8007D000000000000000080E03779C34143A2
:10A2E800176E05B5B5B89346F5F93FE9034F384DF4
:10A2F800321D30F94877825A3CBF737FDD4F1575A0
:10A30800000000000000F03F0000000000002440B2
:10A3180000000000000059400000000000408F408D
:10A32800000000000088C34000000000006AF840F8
:10A338000000000080842E4100000000D01263411C
:10A348000000000084D797410000000065CDCD4192
:10A35800000000205FA00242000000E87648374273
:10A36800000000A2941A6D42000040E59C30A24211
:10A378000000901EC4BCD64200003426F56B0C4386
:10A388000080E03779C3414300A0D885573476432D
:10A3980000C84E676DC1AB43003D9160E458E1438E
:10A3A800408CB5781DAF154450EFE2D6E41A4B4403
:10A3B80092D54D06CFF08044F64AE1C7022DB54448
:10A3C800B49DD9794378EA44002020202020202019
:10A3D800202028282828282020202020202020204D
:10A3E800202020202020202020881010101010105D
:10A3F80010101010101010101004040404040404A9
:10A408000404041010101010101041414141414142
:10A418000101010101010101010101010101010124
:10A428000101010110101010101042424242424234
:10A4380002020202020202020202020202020202F4
:10A44800020202021010101020000000000000009C
:10A4580000000000000000000000000000000000F4
:10A4680000000000000000000000000000000000E4
:10A4780000000000000000000000000000000000D4
:10A4880000000000000000000000000000000000C4
:10A4980000000000000000000000000000000000B4
:10A4A80000000000000000000000000000000000A4
:10A4B8000000000000000000000000000000000094
:10A4C8000000000000000000003030303030303034
:10A4D80030303030303030303020202020202020E4
:0CA4E80020202020202020202000000048
:08A4F4001865FF7F0100000064
:08A4FC003D5B0008B5010008FA
:04A5040091010008B9
:10A50800AAAAAAAA000000000300000000930020E5
:10A518001804002000000000000000000093002044
:10A5280068930020D0930020000000000000000085
:10A538000000000000000000000000000000000013
:10A548000000000000000000000000000000000003
:10A5580000000000000000000000000000000000F3
:10A5680000000000000000000000000000000000E3
:10A5780000000000000000000000000000000000D3
:10A5880000000000000000000000000000000000C3
:10A5980000000000000000000000000000000000B3
:10A5A80000000000000000000000000000000000A3
:10A5B80001000000000000000E33CDAB34126DE640
:10A5C800ECDE05000B0000000000000000000000A9
:10A5D8000000000000000000000000000000000073
:10A5E8000000000000000000000000000000000063
:10A5F8000000000000000000000000000000000053
:10A608000000000000000000000000000000000042
:10A618000000000000000000000000000000000032
:10A628000000000000000000000000000000000022
:10A638000000000000000000000000000000000012
:10A648000000000000000000000000000000000002
:10A65800000000000000000041940020FFFFFFFF01
:10A668000000020000000000000000006405002057
:10A67800640500206C0500206C050020740500208E
:10A68800740500207C0500207C050020840500203E
:10A69800840500208C0500208C05002094050020EE
:10A6A800940500209C0500209C050020A40500209E
:10A6B800A4050020AC050020AC050020B40500204E
:10A6C800B4050020BC050020BC050020C4050020FE
:10A6D800C4050020CC050020CC050020D4050020AE
:10A6E800D4050020DC050020DC050020E40500205E
:10A6F800E4050020EC050020EC050020F40500200E
:10A70800F4050020FC050020FC05002004060020BC
:10A71800040600200C0600200C0600201406002069
:10A72800140600201C0600201C0600202406002019
:10A73800240600202C0600202C06002034060020C9
:10A74800340600203C0600203C0600204406002079
:10A75800440600204C0600204C0600205406002029
:10A76800540600205C0600205C06002064060020D9
:10A77800640600206C0600206C0600207406002089
:10A78800740600207C0600207C0600208406002039
:10A79800840600208C0600208C06002094060020E9
:10A7A800940600209C0600209C060020A406002099
:10A7B800A4060020AC060020AC060020B406002049
:10A7C800B4060020BC060020BC060020C4060020F9
:10A7D800C4060020CC060020CC060020D4060020A9
:10A7E800D4060020DC060020DC060020E406002059
:10A7F800E4060020EC060020EC060020F406002009
:10A80800F4060020FC060020FC06002004070020B7
:10A81800040700200C0700200C0700201407002064
:10A82800140700201C0700201C0700202407002014
:10A83800240700202C0700202C07002034070020C4
:10A84800340700203C0700203C0700204407002074
:10A85800440700204C0700204C0700205407002024
:10A86800540700205C0700205C07002064070020D4
:10A87800640700206C0700206C0700207407002084
:10A88800740700207C0700207C0700208407002034
:10A89800840700208C0700208C07002094070020E4
:10A8A800940700209C0700209C070020A407002094
:10A8B800A4070020AC070020AC070020B407002044
:10A8C800B4070020BC070020BC070020C4070020F4
:10A8D800C4070020CC070020CC070020D4070020A4
:10A8E800D4070020DC070020DC070020E407002054
:10A8F800E4070020EC070020EC070020F407002004
:10A90800F4070020FC070020FC07002004080020B2
:10A91800040800200C0800200C080020140800205F
:10A92800140800201C0800201C080020240800200F
:10A93800240800202C0800202C08002034080020BF
:10A94800340800203C0800203C080020440800206F
:10A95800440800204C0800204C080020540800201F
:10A96800540800205C0800205C08002064080020CF
:10A97800640800206C0800206C080020740800207F
:10A98800740800207C0800207C080020840800202F
:10A99800840800208C0800208C08002094080020DF
:10A9A800940800209C0800209C080020A40800208F
:10A9B800A4080020AC080020AC080020B40800203F
:10A9C800B4080020BC080020BC080020C4080020EF
:10A9D800C4080020CC080020CC080020D40800209F
:10A9E800D4080020DC080020DC080020E40800204F
:10A9F800E4080020EC080020EC080020F4080020FF
:10AA0800F4080020FC080020FC08002004090020AD
:10AA1800040900200C0900200C090020140900205A
:10AA2800140900201C0900201C090020240900200A
:10AA3800240900202C0900202C09002034090020BA
:10AA4800340900203C0900203C090020440900206A
:10AA5800440900204C0900204C090020540900201A
:10AA6800540900205C0900205C0900204300000014
:10AA780000000000000000000000000000000000CE
:10AA8800000000000000000000000000430000007B
:10AA980000000000000000000000000000000000AE
:10AAA800000000000000000000000000430000005B
:10AAB800000000000000000000000000000000008E
:10AAC800000000000000000000000000430000003B
:10AAD800000000000000000000000000000000006E
:10AAE800000000000000000000000000430000001B
:10AAF800000000000000000000000000000000004E
:10AB080000000000000000000000000043000000FA
:10AB1800000000000000000000000000000000002D
:10AB280000000000000000000000000043000000DA
:10AB3800000000000000000000000000000000000D
:10AB48000000000000000000000000006D910008F7
:10AB5800F78D000800000000D0A300086FA20008CD
:10AB6800ACA20008ACA20008ACA20008ACA2000885
:10AB7800ACA20008ACA20008ACA20008ACA2000875
:10AB8800ACA20008FFFFFFFFFFFFFFFFFFFFFFFF73
:10AB9800FFFF000001004153434949000000000045
:10ABA800000000000000000000000000000000009D
:10ABB8000000000000004153434949000000000024
:10ABC800000000000000000000000000000000007D
:08ABD800000000000000000075
:040000050800572573
:00000001FF
